epoch,tj_easy_ac_att_JAMMAS_1 - episode_return__MAX,tj_easy_ac_att_JAMMAS_2 - episode_return__MAX,tj_easy_ac_att_JAMMAS_3 - episode_return__MAX,tj_easy_ac_att_JAMMAS_4 - episode_return__MAX,,,,,,,,,,,,,,,,,,
1,-204.8,-204.8,-204.8,-204.8,,,,,,,,,,,,,,,,,,
2,-174.8,-174.8,-174.8,-174.8,,,,,,,,,,,,,,,,,,
3,-126.4,-126.4,-126.4,-125.6,,,,,,,,,,,,,,,,,,
4,-91.2,-92.4,-92.4,-103.6,,,,,,,,,,,,,,,,,,
5,-72.4,-69.2,-71.6,-40,,,,,,,,,,,,,,,,,,
6,-46.8,-42.4,-46.8,-44,,,,,,,,,,,,,,,,,,
7,-20.8,-34,-20.8,-24,,,,,,,,,,,,,,,,,,
8,-12,-16,-16.8,-12.8,,,,,,,,,,,,,,,,,,
9,-20.8,-20,-20,-14.4,,,,,,,,,,,,,,,,,,
10,-24.8,-24.8,-24.8,-21.6,,,,,,,,,,,,,,,,,,
11,-23.2,-23.2,-23.2,-25.6,,,,,,,,,,,,,,,,,,
12,-25.6,-25.6,-25.6,-22.4,,,,,,,,,,,,,,,,,,
13,-18.4,-18.4,-18.4,-19.2,,,,,,,,,,,,,,,,,,
14,-20,-20,-20,-22.4,,,,,,,,,,,,,,,,,,
15,-29.6,-29.6,-29.6,-34.4,,,,,,,,,,,,,,,,,,
16,-20.8,-20.8,-20.8,-24,,,,,,,,,,,,,,,,,,
17,-23.2,-19.2,-19.2,-19.2,,,,,,,,,,,,,,,,,,
18,-18.4,-18.4,-18.4,-17.6,,,,,,,,,,,,,,,,,,
19,-28.8,-28.8,-28.8,-29.6,,,,,,,,,,,,,,,,,,
20,-27.6,-27.6,-27.6,-27.2,,,,,,,,,,,,,,,,,,
21,-23.2,-23.2,-23.2,-23.2,,,,,,,,,,,,,,,,,,
22,-24.8,-24.8,-24.8,-22.4,,,,,,,,,,,,,,,,,,
23,-21.6,-21.6,-21.6,-17.6,,,,,,,,,,,,,,,,,,
24,-21.6,-21.6,-21.6,-20,,,,,,,,,,,,,,,,,,
25,-18.4,-18.4,-18.4,-20,,,,,,,,,,,,,,,,,,
26,-20,-20,-20,-25.6,,,,,,,,,,,,,,,,,,
27,-24,-24,-24,-26.8,,,,,,,,,,,,,,,,,,
28,-22.4,-22.4,-22.4,-24,,,,,,,,,,,,,,,,,,
29,-30.4,-30.4,-30.4,-27.2,,,,,,,,,,,,,,,,,,
30,-25.6,-25.6,-25.6,-25.6,,,,,,,,,,,,,,,,,,
31,-28.4,-28.4,-28.4,-18.4,,,,,,,,,,,,,,,,,,
32,-25.6,-25.6,-25.6,-33.6,,,,,,,,,,,,,,,,,,
33,-24,-24,-24,-22.4,,,,,,,,,,,,,,,,,,
34,-24.8,-24.8,-24.8,-28.8,,,,,,,,,,,,,,,,,,
35,-20,-20,-20,-20.8,,,,,,,,,,,,,,,,,,
36,-26.4,-26.4,-26.4,-25.6,,,,,,,,,,,,,,,,,,
37,-20,-20,-20,-23.2,,,,,,,,,,,,,,,,,,
38,-26.4,-26.4,-26.4,-23.2,,,,,,,,,,,,,,,,,,
39,-23.2,-23.2,-23.2,-27.2,,,,,,,,,,,,,,,,,,
40,-22.4,-22.4,-22.4,-23.2,,,,,,,,,,,,,,,,,,
41,-25.6,-25.6,-25.6,-25.6,,,,,,,,,,,,,,,,,,
42,-23.2,-23.2,-23.2,-21.6,,,,,,,,,,,,,,,,,,
43,-19.2,-20,-19.2,-20,,,,,,,,,,,,,,,,,,
44,-24,-24,-24,-24.8,,,,,,,,,,,,,,,,,,
45,-22.4,-22.4,-22.4,-24.8,,,,,,,,,,,,,,,,,,
46,-25.6,-25.6,-25.6,-21.6,,,,,,,,,,,,,,,,,,
47,-18.4,-18.4,-18.4,-18.4,,,,,,,,,,,,,,,,,,
48,-17.6,-17.6,-17.6,-20,,,,,,,,,,,,,,,,,,
49,-23.2,-23.2,-23.2,-22.4,,,,,,,,,,,,,,,,,,
50,-24,-24,-24,-24,,,,,,,,,,,,,,,,,,
51,-21.6,-21.6,-21.6,-20,,,,,,,,,,,,,,,,,,
52,-14.4,-14.4,-14.4,-16.8,,,,,,,,,,,,,,,,,,
53,-17.6,-17.6,-17.6,-16.8,,,,,,,,,,,,,,,,,,
54,-25.6,-25.6,-25.6,-23.2,,,,,,,,,,,,,,,,,,
55,-24,-24,-24,-21.6,,,,,,,,,,,,,,,,,,
56,-16,-16,-16,-19.2,,,,,,,,,,,,,,,,,,
57,-24,-24,-24,-20,,,,,,,,,,,,,,,,,,
58,-14.4,-15.2,-14.4,-26.4,,,,,,,,,,,,,,,,,,
59,-24,-20.8,-24,-24,,,,,,,,,,,,,,,,,,
60,-23.2,-23.2,-23.2,-21.6,,,,,,,,,,,,,,,,,,
61,-21.6,-21.6,-21.6,-20.8,,,,,,,,,,,,,,,,,,
62,-22.4,-22.4,-22.4,-23.2,,,,,,,,,,,,,,,,,,
63,-19.2,-19.2,-19.2,-16.8,,,,,,,,,,,,,,,,,,
64,-24,-24,-24,-24,,,,,,,,,,,,,,,,,,
65,-20,-20,-20,-21.6,,,,,,,,,,,,,,,,,,
66,-25.6,-25.6,-25.6,-26.4,,,,,,,,,,,,,,,,,,
67,-18.4,-18.4,-18.4,-17.6,,,,,,,,,,,,,,,,,,
68,-20.8,-20.8,-20.8,-20.8,,,,,,,,,,,,,,,,,,
69,-24.8,-24.8,-24.8,-25.6,,,,,,,,,,,,,,,,,,
70,-24.8,-24.8,-24.8,-27.2,,,,,,,,,,,,,,,,,,
71,-23.2,-23.2,-23.2,-19.2,,,,,,,,,,,,,,,,,,
72,-20.8,-20.8,-20.8,-21.6,,,,,,,,,,,,,,,,,,
73,-25.6,-25.6,-25.6,-30.4,,,,,,,,,,,,,,,,,,
74,-21.6,-21.6,-21.6,-20.8,,,,,,,,,,,,,,,,,,
75,-20,-20,-20,-19.2,,,,,,,,,,,,,,,,,,
76,-20,-20,-20,-21.6,,,,,,,,,,,,,,,,,,
77,-24.8,-24.8,-24.8,-25.6,,,,,,,,,,,,,,,,,,
78,-19.2,-19.2,-19.2,-17.6,,,,,,,,,,,,,,,,,,
79,-22.4,-22.4,-22.4,-21.6,,,,,,,,,,,,,,,,,,
80,-20,-20,-20,-20.8,,,,,,,,,,,,,,,,,,
81,-22.4,-22.4,-22.4,-22.4,,,,,,,,,,,,,,,,,,
82,-31.2,-31.2,-31.2,-31.2,,,,,,,,,,,,,,,,,,
83,-19.2,-19.2,-19.2,-20,,,,,,,,,,,,,,,,,,
84,-34.4,-34.4,-34.4,-34.4,,,,,,,,,,,,,,,,,,
85,-24,-24,-24,-23.2,,,,,,,,,,,,,,,,,,
86,-23.2,-23.2,-23.2,-22.4,,,,,,,,,,,,,,,,,,
87,-17.6,-17.6,-17.6,-18.4,,,,,,,,,,,,,,,,,,
88,-24,-24,-24,-23.2,,,,,,,,,,,,,,,,,,
89,-20.8,-20.8,-20.8,-19.2,,,,,,,,,,,,,,,,,,
90,-19.2,-19.2,-19.2,-21.6,,,,,,,,,,,,,,,,,,
91,-28,-28,-28,-28,,,,,,,,,,,,,,,,,,
92,-21.6,-21.6,-21.6,-21.6,,,,,,,,,,,,,,,,,,
93,-20.8,-20.8,-20.8,-20,,,,,,,,,,,,,,,,,,
94,-20.8,-20.8,-20.8,-19.2,,,,,,,,,,,,,,,,,,
95,-14.4,-14.4,-14.4,-15.2,,,,,,,,,,,,,,,,,,
96,-25.6,-25.6,-25.6,-26.4,,,,,,,,,,,,,,,,,,
97,-15.2,-15.2,-15.2,-15.2,,,,,,,,,,,,,,,,,,
98,-20,-20,-20,-18.4,,,,,,,,,,,,,,,,,,
99,-19.2,-19.2,-19.2,-19.2,,,,,,,,,,,,,,,,,,
100,-28,-28,-28,-29.6,,,,,,,,,,,,,,,,,,
101,-19.2,-19.2,-19.2,-20,,,,,,,,,,,,,,,,,,
102,-19.2,-19.2,-19.2,-19.2,,,,,,,,,,,,,,,,,,
103,-24,-24,-24,-23.2,,,,,,,,,,,,,,,,,,
104,-26.4,-26.4,-26.4,-24.8,,,,,,,,,,,,,,,,,,
105,-16.8,-16.8,-16.8,-17.6,,,,,,,,,,,,,,,,,,
106,-30.4,-30.4,-30.4,-32.8,,,,,,,,,,,,,,,,,,
107,-29.6,-29.6,-29.6,-25.6,,,,,,,,,,,,,,,,,,
108,-23.2,-23.2,-23.2,-24.8,,,,,,,,,,,,,,,,,,
109,-22.4,-22.4,-22.4,-20.8,,,,,,,,,,,,,,,,,,
110,-15.2,-15.2,-15.2,-16,,,,,,,,,,,,,,,,,,
111,-21.6,-21.6,-21.6,-21.6,,,,,,,,,,,,,,,,,,
112,-18.4,-18.4,-18.4,-20.8,,,,,,,,,,,,,,,,,,
113,-24,-24,-24,-21.6,,,,,,,,,,,,,,,,,,
114,-26.4,-26.4,-26.4,-27.2,,,,,,,,,,,,,,,,,,
115,-19.2,-19.2,-19.2,-19.2,,,,,,,,,,,,,,,,,,
116,-24,-24,-24,-24.8,,,,,,,,,,,,,,,,,,
117,-17.6,-17.6,-17.6,-16.8,,,,,,,,,,,,,,,,,,
118,-16.8,-16.8,-16.8,-16.8,,,,,,,,,,,,,,,,,,
119,-22.4,-22.4,-22.4,-20.8,,,,,,,,,,,,,,,,,,
120,-21.6,-21.6,-21.6,-22.4,,,,,,,,,,,,,,,,,,
121,-25.6,-25.6,-25.6,-19.2,,,,,,,,,,,,,,,,,,
122,-20.8,-20.8,-20.8,-18.4,,,,,,,,,,,,,,,,,,
123,-18.4,-18.4,-18.4,-18.4,,,,,,,,,,,,,,,,,,
124,-17.6,-17.6,-17.6,-18.4,,,,,,,,,,,,,,,,,,
125,-24,-24,-24,-24.8,,,,,,,,,,,,,,,,,,
126,-24,-24,-24,-23.2,,,,,,,,,,,,,,,,,,
127,-20,-20,-20,-18.4,,,,,,,,,,,,,,,,,,
128,-24.8,-24.8,-24.8,-27.2,,,,,,,,,,,,,,,,,,
129,-24,-24,-24,-22.4,,,,,,,,,,,,,,,,,,
130,-24,-24,-24,-22.4,,,,,,,,,,,,,,,,,,
131,-17.6,-17.6,-17.6,-18.4,,,,,,,,,,,,,,,,,,
132,-21.6,-21.6,-21.6,-23.2,,,,,,,,,,,,,,,,,,
133,-17.6,-17.6,-17.6,-14.4,,,,,,,,,,,,,,,,,,
134,-18.4,-18.4,-18.4,-20.8,,,,,,,,,,,,,,,,,,
135,-28.8,-28.8,-28.8,-30.4,,,,,,,,,,,,,,,,,,
136,-26.4,-26.4,-26.4,-24.8,,,,,,,,,,,,,,,,,,
137,-21.6,-21.6,-21.6,-22.4,,,,,,,,,,,,,,,,,,
138,-17.6,-17.6,-17.6,-16.8,,,,,,,,,,,,,,,,,,
139,-21.6,-21.6,-21.6,-20,,,,,,,,,,,,,,,,,,
140,-25.6,-25.6,-25.6,-28.8,,,,,,,,,,,,,,,,,,
141,-15.2,-15.2,-15.2,-15.2,,,,,,,,,,,,,,,,,,
142,-24,-24,-24,-24,,,,,,,,,,,,,,,,,,
143,-18.4,-18.4,-18.4,-18.4,,,,,,,,,,,,,,,,,,
144,-22.4,-22.4,-22.4,-27.2,,,,,,,,,,,,,,,,,,
145,-20,-20,-20,-22.4,,,,,,,,,,,,,,,,,,
146,-18.4,-18.4,-18.4,-18.4,,,,,,,,,,,,,,,,,,
147,-24,-24,-24,-24,,,,,,,,,,,,,,,,,,
148,-21.6,-21.6,-21.6,-21.6,,,,,,,,,,,,,,,,,,
149,-24,-24,-24,-24,,,,,,,,,,,,,,,,,,
150,-22.4,-22.4,-22.4,-21.6,,,,,,,,,,,,,,,,,,
151,-18.4,-18.4,-18.4,-22.4,,,,,,,,,,,,,,,,,,
152,-20.8,-20.8,-20.8,-18.4,,,,,,,,,,,,,,,,,,
153,-15.2,-15.2,-15.2,-15.2,,,,,,,,,,,,,,,,,,
154,-20,-20,-20,-20,,,,,,,,,,,,,,,,,,
155,-20,-20,-20,-21.6,,,,,,,,,,,,,,,,,,
156,-24.8,-24.8,-24.8,-24.8,,,,,,,,,,,,,,,,,,
157,-24.8,-24.8,-24.8,-24,,,,,,,,,,,,,,,,,,
158,-19.2,-19.2,-19.2,-18.4,,,,,,,,,,,,,,,,,,
159,-21.6,-21.6,-21.6,-25.6,,,,,,,,,,,,,,,,,,
160,-32,-32,-32,-24,,,,,,,,,,,,,,,,,,
161,-19.2,-19.2,-19.2,-20.8,,,,,,,,,,,,,,,,,,
162,-24,-24,-24,-22.4,,,,,,,,,,,,,,,,,,
163,-21.6,-21.6,-21.6,-22.4,,,,,,,,,,,,,,,,,,
164,-20.8,-20.8,-20.8,-21.6,,,,,,,,,,,,,,,,,,
165,-24,-24,-24,-24,,,,,,,,,,,,,,,,,,
166,-18.4,-18.4,-18.4,-18.4,,,,,,,,,,,,,,,,,,
167,-21.6,-21.6,-21.6,-25.6,,,,,,,,,,,,,,,,,,
168,-28.8,-28.8,-28.8,-19.2,,,,,,,,,,,,,,,,,,
169,-20.8,-20.8,-20.8,-21.6,,,,,,,,,,,,,,,,,,
170,-21.6,-21.6,-21.6,-22.4,,,,,,,,,,,,,,,,,,
171,-26.4,-26.4,-26.4,-26.4,,,,,,,,,,,,,,,,,,
172,-24.8,-24.8,-24.8,-26.4,,,,,,,,,,,,,,,,,,
173,-24,-24,-24,-23.2,,,,,,,,,,,,,,,,,,
174,-20.8,-20.8,-20.8,-20,,,,,,,,,,,,,,,,,,
175,-18.4,-18.4,-18.4,-19.2,,,,,,,,,,,,,,,,,,
176,-24,-24,-24,-22.4,,,,,,,,,,,,,,,,,,
177,-21.6,-21.6,-21.6,-20.8,,,,,,,,,,,,,,,,,,
178,-18.4,-18.4,-18.4,-19.2,,,,,,,,,,,,,,,,,,
179,-23.2,-23.2,-23.2,-22.4,,,,,,,,,,,,,,,,,,
180,-20.8,-20.8,-20.8,-20.8,,,,,,,,,,,,,,,,,,
181,-23.2,-23.2,-23.2,-24,,,,,,,,,,,,,,,,,,
182,-19.2,-19.2,-19.2,-20.8,,,,,,,,,,,,,,,,,,
183,-22.4,-22.4,-22.4,-21.6,,,,,,,,,,,,,,,,,,
184,-32,-32,-32,-31.2,,,,,,,,,,,,,,,,,,
185,-19.2,-19.2,-19.2,-17.6,,,,,,,,,,,,,,,,,,
186,-20,-20,-20,-20,,,,,,,,,,,,,,,,,,
187,-21.6,-21.6,-21.6,-23.2,,,,,,,,,,,,,,,,,,
188,-19.2,-19.2,-19.2,-20.8,,,,,,,,,,,,,,,,,,
189,-20.8,-20.8,-20.8,-21.6,,,,,,,,,,,,,,,,,,
190,-25.6,-25.6,-25.6,-23.2,,,,,,,,,,,,,,,,,,
191,-17.6,-17.6,-17.6,-18.4,,,,,,,,,,,,,,,,,,
192,-18.4,-18.4,-18.4,-19.2,,,,,,,,,,,,,,,,,,
193,-21.6,-21.6,-21.6,-20,,,,,,,,,,,,,,,,,,
194,-17.6,-17.6,-17.6,-17.6,,,,,,,,,,,,,,,,,,
195,-21.6,-21.6,-21.6,-22.4,,,,,,,,,,,,,,,,,,
196,-21.6,-21.6,-21.6,-21.6,,,,,,,,,,,,,,,,,,
197,-20,-20,-20,-19.2,,,,,,,,,,,,,,,,,,
198,-28,-28,-28,-28,,,,,,,,,,,,,,,,,,
199,-20,-20,-20,-19.2,,,,,,,,,,,,,,,,,,
200,-21.6,-21.6,-21.6,-20.8,,,,,,,,,,,,,,,,,,
201,-22.4,-22.4,-22.4,-24.8,,,,,,,,,,,,,,,,,,
202,-23.2,-23.2,-23.2,-23.2,,,,,,,,,,,,,,,,,,
203,-29.6,-29.6,-29.6,-30.4,,,,,,,,,,,,,,,,,,
204,-24.8,-24.8,-24.8,-24.8,,,,,,,,,,,,,,,,,,
205,-24.8,-24.8,-24.8,-23.2,,,,,,,,,,,,,,,,,,
206,-21.6,-21.6,-21.6,-20.8,,,,,,,,,,,,,,,,,,
207,-20.8,-20.8,-20.8,-20,,,,,,,,,,,,,,,,,,
208,-17.6,-17.6,-17.6,-17.6,,,,,,,,,,,,,,,,,,
209,-25.6,-24.8,-25.6,-26.4,,,,,,,,,,,,,,,,,,
210,-20.8,-20.8,-20.8,-20.8,,,,,,,,,,,,,,,,,,
211,-24.8,-24.8,-24.8,-24.8,,,,,,,,,,,,,,,,,,
212,-23.2,-23.2,-23.2,-24,,,,,,,,,,,,,,,,,,
213,-24.8,-24.8,-24.8,-23.2,,,,,,,,,,,,,,,,,,
214,-16.8,-16.8,-16.8,-18.4,,,,,,,,,,,,,,,,,,
215,-20,-20,-20,-20.8,,,,,,,,,,,,,,,,,,
216,-24.8,-24.8,-24.8,-24,,,,,,,,,,,,,,,,,,
217,-19.2,-19.2,-19.2,-19.2,,,,,,,,,,,,,,,,,,
218,-22.4,-22.4,-22.4,-22.4,,,,,,,,,,,,,,,,,,
219,-20,-20,-20,-20.8,,,,,,,,,,,,,,,,,,
220,-15.2,-15.2,-15.2,-13.6,,,,,,,,,,,,,,,,,,
221,-23.2,-23.2,-23.2,-23.2,,,,,,,,,,,,,,,,,,
222,-24.8,-24.8,-24.8,-23.2,,,,,,,,,,,,,,,,,,
223,-24,-24,-24,-20.8,,,,,,,,,,,,,,,,,,
224,-20,-20,-20,-20.8,,,,,,,,,,,,,,,,,,
225,-25.6,-25.6,-25.6,-24,,,,,,,,,,,,,,,,,,
226,-24.8,-24.8,-24.8,-24,,,,,,,,,,,,,,,,,,
227,-22.4,-22.4,-22.4,-23.2,,,,,,,,,,,,,,,,,,
228,-28,-28,-28,-28.8,,,,,,,,,,,,,,,,,,
229,-21.6,-21.6,-21.6,-20,,,,,,,,,,,,,,,,,,
230,-19.2,-19.2,-19.2,-20,,,,,,,,,,,,,,,,,,
231,-24,-24,-24,-23.2,,,,,,,,,,,,,,,,,,
232,-12,-12,-12,-12,,,,,,,,,,,,,,,,,,
233,-20,-20,-20,-28,,,,,,,,,,,,,,,,,,
234,-23.2,-23.2,-23.2,-21.6,,,,,,,,,,,,,,,,,,
235,-23.2,-23.2,-23.2,-22.4,,,,,,,,,,,,,,,,,,
236,-16.8,-16.8,-16.8,-17.6,,,,,,,,,,,,,,,,,,
237,-18.4,-18.4,-18.4,-19.2,,,,,,,,,,,,,,,,,,
238,-24,-24,-24,-22.4,,,,,,,,,,,,,,,,,,
239,-16,-16,-16,-16.8,,,,,,,,,,,,,,,,,,
240,-19.2,-19.2,-19.2,-18.4,,,,,,,,,,,,,,,,,,
241,-23.2,-23.2,-23.2,-25.6,,,,,,,,,,,,,,,,,,
242,-23.2,-23.2,-23.2,-20.8,,,,,,,,,,,,,,,,,,
243,-27.2,-27.2,-27.2,-27.2,,,,,,,,,,,,,,,,,,
244,-18.4,-18.4,-18.4,-19.2,,,,,,,,,,,,,,,,,,
245,-19.2,-19.2,-19.2,-17.6,,,,,,,,,,,,,,,,,,
246,-21.6,-21.6,-21.6,-24,,,,,,,,,,,,,,,,,,
247,-18.4,-18.4,-18.4,-17.6,,,,,,,,,,,,,,,,,,
248,-20.8,-20.8,-20.8,-20.8,,,,,,,,,,,,,,,,,,
249,-24,-24,-24,-24,,,,,,,,,,,,,,,,,,
250,-20.8,-20.8,-20.8,-20,,,,,,,,,,,,,,,,,,
251,-20.8,-20.8,-20.8,-21.6,,,,,,,,,,,,,,,,,,
252,-22.4,-22.4,-22.4,-21.6,,,,,,,,,,,,,,,,,,
253,-20,-20,-20,-20,,,,,,,,,,,,,,,,,,
254,-20.8,-20.8,-20.8,-20.8,,,,,,,,,,,,,,,,,,
255,-18.4,-18.4,-18.4,-20.8,,,,,,,,,,,,,,,,,,
256,-20.8,-20.8,-20.8,-21.6,,,,,,,,,,,,,,,,,,
257,-24,-24,-24,-17.6,,,,,,,,,,,,,,,,,,
258,-21.6,-21.6,-21.6,-14.4,,,,,,,,,,,,,,,,,,
259,-23.2,-23.2,-23.2,-22.4,,,,,,,,,,,,,,,,,,
260,-16.8,-16.8,-16.8,-19.2,,,,,,,,,,,,,,,,,,
261,-27.2,-27.2,-27.2,-25.6,,,,,,,,,,,,,,,,,,
262,-24.8,-24.8,-24.8,-23.2,,,,,,,,,,,,,,,,,,
263,-17.6,-17.6,-17.6,-18.4,,,,,,,,,,,,,,,,,,
264,-17.6,-17.6,-17.6,-18.4,,,,,,,,,,,,,,,,,,
265,-16,-16,-16,-17.6,,,,,,,,,,,,,,,,,,
266,-21.6,-21.6,-21.6,-22.4,,,,,,,,,,,,,,,,,,
267,-29.6,-28,-28,-26.4,,,,,,,,,,,,,,,,,,
268,-21.6,-21.6,-21.6,-20.8,,,,,,,,,,,,,,,,,,
269,-16.8,-16.8,-16.8,-16.8,,,,,,,,,,,,,,,,,,
270,-18.4,-18.4,-18.4,-19.2,,,,,,,,,,,,,,,,,,
271,-21.6,-21.6,-21.6,-19.2,,,,,,,,,,,,,,,,,,
272,-25.6,-25.6,-25.6,-27.2,,,,,,,,,,,,,,,,,,
273,-29.6,-29.6,-29.6,-28.8,,,,,,,,,,,,,,,,,,
274,-25.6,-25.6,-25.6,-27.2,,,,,,,,,,,,,,,,,,
275,-15.2,-15.2,-15.2,-12,,,,,,,,,,,,,,,,,,
276,-12,-12,-12,-12.8,,,,,,,,,,,,,,,,,,
277,-24,-24,-24,-25.6,,,,,,,,,,,,,,,,,,
278,-24,-24.8,-24.8,-24,,,,,,,,,,,,,,,,,,
279,-18.4,-18.4,-18.4,-17.6,,,,,,,,,,,,,,,,,,
280,-24,-24,-24,-25.6,,,,,,,,,,,,,,,,,,
281,-21.6,-21.6,-21.6,-21.6,,,,,,,,,,,,,,,,,,
282,-28.8,-28.8,-28.8,-28.8,,,,,,,,,,,,,,,,,,
283,-26.4,-26.4,-26.4,-26.4,,,,,,,,,,,,,,,,,,
284,-18.4,-18.4,-18.4,-17.6,,,,,,,,,,,,,,,,,,
285,-12.8,-12.8,-12.8,-11.2,,,,,,,,,,,,,,,,,,
286,-20,-20,-20,-21.6,,,,,,,,,,,,,,,,,,
287,-20.8,-20.8,-20.8,-21.6,,,,,,,,,,,,,,,,,,
288,-28,-28,-28,-28.8,,,,,,,,,,,,,,,,,,
289,-23.2,-23.2,-23.2,-21.6,,,,,,,,,,,,,,,,,,
290,-21.6,-21.6,-21.6,-23.2,,,,,,,,,,,,,,,,,,
291,-27.2,-27.2,-27.2,-24.8,,,,,,,,,,,,,,,,,,
292,-16,-16,-16,-16.8,,,,,,,,,,,,,,,,,,
293,-17.6,-17.6,-17.6,-16,,,,,,,,,,,,,,,,,,
294,-24.8,-24,-24.8,-27.2,,,,,,,,,,,,,,,,,,
295,-22.4,-22.4,-22.4,-22.4,,,,,,,,,,,,,,,,,,
296,-20,-20,-20,-18.4,,,,,,,,,,,,,,,,,,
297,-20,-20,-20,-20,,,,,,,,,,,,,,,,,,
298,-18.4,-18.4,-18.4,-20,,,,,,,,,,,,,,,,,,
299,-23.2,-23.2,-23.2,-22.4,,,,,,,,,,,,,,,,,,
300,-20,-20,-20,-20.8,,,,,,,,,,,,,,,,,,
301,-19.2,-19.2,-19.2,-19.2,,,,,,,,,,,,,,,,,,
302,-28.8,-27.2,-27.2,-25.6,,,,,,,,,,,,,,,,,,
303,-28,-28,-28,-28.8,,,,,,,,,,,,,,,,,,
304,-27.2,-27.2,-27.2,-26.4,,,,,,,,,,,,,,,,,,
305,-24,-24,-24,-24,,,,,,,,,,,,,,,,,,
306,-17.6,-16.8,-16.8,-17.6,,,,,,,,,,,,,,,,,,
307,-17.6,-17.6,-17.6,-17.6,,,,,,,,,,,,,,,,,,
308,-17.6,-17.6,-17.6,-19.2,,,,,,,,,,,,,,,,,,
309,-17.6,-17.6,-17.6,-16,,,,,,,,,,,,,,,,,,
310,-20,-20,-20,-19.2,,,,,,,,,,,,,,,,,,
311,-16.8,-16.8,-16.8,-18.4,,,,,,,,,,,,,,,,,,
312,-24,-24,-24,-25.6,,,,,,,,,,,,,,,,,,
313,-19.2,-19.2,-19.2,-16,,,,,,,,,,,,,,,,,,
314,-13.6,-13.6,-13.6,-15.2,,,,,,,,,,,,,,,,,,
315,-24.8,-24.8,-24.8,-24,,,,,,,,,,,,,,,,,,
316,-21.6,-22.4,-22.4,-24,,,,,,,,,,,,,,,,,,
317,-20,-20,-20,-19.2,,,,,,,,,,,,,,,,,,
318,-24,-24,-24,-28,,,,,,,,,,,,,,,,,,
319,-23.2,-23.2,-23.2,-22.4,,,,,,,,,,,,,,,,,,
320,-28.4,-24.8,-24.8,-23.2,,,,,,,,,,,,,,,,,,
321,-21.6,-20.8,-20.8,-23.2,,,,,,,,,,,,,,,,,,
322,-19.2,-19.2,-19.2,-19.2,,,,,,,,,,,,,,,,,,
323,-22.4,-26.4,-26.4,-28.8,,,,,,,,,,,,,,,,,,
324,-30.8,-24,-24,-20.8,,,,,,,,,,,,,,,,,,
325,-21.6,-17.6,-17.6,-20,,,,,,,,,,,,,,,,,,
326,-20,-20,-20,-16.8,,,,,,,,,,,,,,,,,,
327,-20.8,-20.8,-20.8,-24,,,,,,,,,,,,,,,,,,
328,-27.2,-27.2,-27.2,-23.2,,,,,,,,,,,,,,,,,,
329,-20,-20,-20,-20.8,,,,,,,,,,,,,,,,,,
330,-17.6,-17.6,-17.6,-17.6,,,,,,,,,,,,,,,,,,
331,-20.8,-20.8,-20.8,-22.4,,,,,,,,,,,,,,,,,,
332,-28.4,-25.6,-25.6,-24,,,,,,,,,,,,,,,,,,
333,-17.6,-17.6,-17.6,-17.6,,,,,,,,,,,,,,,,,,
334,-18.4,-18.4,-18.4,-17.6,,,,,,,,,,,,,,,,,,
335,-16,-16,-16,-18.4,,,,,,,,,,,,,,,,,,
336,-17.6,-17.6,-17.6,-14.4,,,,,,,,,,,,,,,,,,
337,-16,-16,-16,-19.2,,,,,,,,,,,,,,,,,,
338,-20,-20,-20,-17.6,,,,,,,,,,,,,,,,,,
339,-22.4,-22.4,-22.4,-21.6,,,,,,,,,,,,,,,,,,
340,-20.8,-20.8,-20.8,-21.6,,,,,,,,,,,,,,,,,,
341,-19.2,-19.2,-19.2,-20,,,,,,,,,,,,,,,,,,
342,-17.6,-17.6,-17.6,-19.2,,,,,,,,,,,,,,,,,,
343,-24.8,-24.8,-24.8,-25.6,,,,,,,,,,,,,,,,,,
344,-19.2,-19.2,-19.2,-17.6,,,,,,,,,,,,,,,,,,
345,-28,-28,-28,-28.8,,,,,,,,,,,,,,,,,,
346,-20.8,-20.8,-20.8,-18.4,,,,,,,,,,,,,,,,,,
347,-20.8,-20.8,-20.8,-20.8,,,,,,,,,,,,,,,,,,
348,-18.4,-18.4,-18.4,-20.8,,,,,,,,,,,,,,,,,,
349,-24.8,-24.8,-24.8,-21.6,,,,,,,,,,,,,,,,,,
350,-17.6,-17.6,-17.6,-19.2,,,,,,,,,,,,,,,,,,
351,-22.4,-22.4,-22.4,-21.6,,,,,,,,,,,,,,,,,,
352,-16.8,-16.8,-16.8,-16,,,,,,,,,,,,,,,,,,
353,-30.4,-30.4,-30.4,-33.6,,,,,,,,,,,,,,,,,,
354,-26.4,-26.4,-26.4,-24,,,,,,,,,,,,,,,,,,
355,-25.6,-25.6,-25.6,-27.2,,,,,,,,,,,,,,,,,,
356,-20.8,-20.8,-20.8,-18.4,,,,,,,,,,,,,,,,,,
357,-24.8,-24.8,-24.8,-25.6,,,,,,,,,,,,,,,,,,
358,-24,-24,-24,-24,,,,,,,,,,,,,,,,,,
359,-23.2,-23.2,-23.2,-23.2,,,,,,,,,,,,,,,,,,
360,-18.4,-18.4,-18.4,-19.2,,,,,,,,,,,,,,,,,,
361,-20.8,-20.8,-20.8,-20.8,,,,,,,,,,,,,,,,,,
362,-23.2,-23.2,-23.2,-21.6,,,,,,,,,,,,,,,,,,
363,-14.4,-14.4,-14.4,-16,,,,,,,,,,,,,,,,,,
364,-23.2,-23.2,-23.2,-22.4,,,,,,,,,,,,,,,,,,
365,-21.6,-21.6,-21.6,-21.6,,,,,,,,,,,,,,,,,,
366,-25.6,-25.6,-25.6,-25.6,,,,,,,,,,,,,,,,,,
367,-20,-20,-20,-20.8,,,,,,,,,,,,,,,,,,
368,-24,-24,-24,-21.6,,,,,,,,,,,,,,,,,,
369,-23.2,-23.2,-23.2,-23.2,,,,,,,,,,,,,,,,,,
370,-26.4,-22.4,-22.4,-24.8,,,,,,,,,,,,,,,,,,
371,-21.6,-20.8,-20.8,-19.2,,,,,,,,,,,,,,,,,,
372,-18.4,-18.4,-18.4,-18.4,,,,,,,,,,,,,,,,,,
373,-28,-28,-28,-27.2,,,,,,,,,,,,,,,,,,
374,-17.6,-17.6,-17.6,-19.2,,,,,,,,,,,,,,,,,,
375,-24,-24,-24,-24,,,,,,,,,,,,,,,,,,
376,-21.6,-21.6,-21.6,-21.6,,,,,,,,,,,,,,,,,,
377,-26.4,-26.4,-26.4,-28,,,,,,,,,,,,,,,,,,
378,-17.6,-17.6,-17.6,-16,,,,,,,,,,,,,,,,,,
379,-19.2,-19.2,-19.2,-18.4,,,,,,,,,,,,,,,,,,
380,-22.4,-22.4,-22.4,-24,,,,,,,,,,,,,,,,,,
381,-17.6,-17.6,-17.6,-15.2,,,,,,,,,,,,,,,,,,
382,-23.2,-23.2,-23.2,-24,,,,,,,,,,,,,,,,,,
383,-20,-20,-20,-21.6,,,,,,,,,,,,,,,,,,
384,-22.4,-22.4,-22.4,-20.8,,,,,,,,,,,,,,,,,,
385,-17.6,-17.6,-17.6,-18.4,,,,,,,,,,,,,,,,,,
386,-16,-16,-16,-16,,,,,,,,,,,,,,,,,,
387,-16,-16,-16,-15.2,,,,,,,,,,,,,,,,,,
388,-21.6,-21.6,-21.6,-24,,,,,,,,,,,,,,,,,,
389,-21.6,-21.6,-21.6,-20,,,,,,,,,,,,,,,,,,
390,-24,-24,-24,-25.6,,,,,,,,,,,,,,,,,,
391,-22.4,-22.4,-22.4,-19.2,,,,,,,,,,,,,,,,,,
392,-20.8,-20.8,-20.8,-22.4,,,,,,,,,,,,,,,,,,
393,-20.8,-20.8,-20.8,-21.6,,,,,,,,,,,,,,,,,,
394,-19.2,-19.2,-19.2,-18.4,,,,,,,,,,,,,,,,,,
395,-26.4,-26.4,-26.4,-27.2,,,,,,,,,,,,,,,,,,
396,-20.8,-20.8,-20.8,-19.2,,,,,,,,,,,,,,,,,,
397,-17.6,-17.6,-17.6,-17.6,,,,,,,,,,,,,,,,,,
398,-18.4,-18.4,-18.4,-20.8,,,,,,,,,,,,,,,,,,
399,-24,-24,-24,-22.4,,,,,,,,,,,,,,,,,,
400,-24,-24,-24,-23.2,,,,,,,,,,,,,,,,,,
401,-38.8,-38.8,-38.8,-36,,,,,,,,,,,,,,,,,,
402,-19.2,-19.2,-19.2,-20.8,,,,,,,,,,,,,,,,,,
403,-28,-28,-28,-27.2,,,,,,,,,,,,,,,,,,
404,-20.8,-20.8,-20.8,-20,,,,,,,,,,,,,,,,,,
405,-28,-28,-28,-28,,,,,,,,,,,,,,,,,,
406,-25.6,-25.6,-25.6,-25.6,,,,,,,,,,,,,,,,,,
407,-20.8,-20.8,-20.8,-22.4,,,,,,,,,,,,,,,,,,
408,-24.8,-24.8,-24.8,-24,,,,,,,,,,,,,,,,,,
409,-24.8,-24.8,-24.8,-24,,,,,,,,,,,,,,,,,,
410,-12.8,-12.8,-12.8,-14.4,,,,,,,,,,,,,,,,,,
411,-21.6,-21.6,-21.6,-19.2,,,,,,,,,,,,,,,,,,
412,-24.8,-24.8,-24.8,-26.4,,,,,,,,,,,,,,,,,,
413,-24.8,-24.8,-24.8,-24,,,,,,,,,,,,,,,,,,
414,-21.6,-21.6,-21.6,-21.6,,,,,,,,,,,,,,,,,,
415,-19.2,-19.2,-19.2,-21.6,,,,,,,,,,,,,,,,,,
416,-20.8,-20.8,-20.8,-19.2,,,,,,,,,,,,,,,,,,
417,-16.8,-16.8,-16.8,-16.8,,,,,,,,,,,,,,,,,,
418,-25.6,-25.6,-25.6,-27.2,,,,,,,,,,,,,,,,,,
419,-20.8,-20.8,-20.8,-21.6,,,,,,,,,,,,,,,,,,
420,-26.4,-26.4,-26.4,-24.8,,,,,,,,,,,,,,,,,,
421,-25.6,-25.6,-25.6,-27.2,,,,,,,,,,,,,,,,,,
422,-18.4,-18.4,-18.4,-18.4,,,,,,,,,,,,,,,,,,
423,-17.6,-17.6,-17.6,-17.6,,,,,,,,,,,,,,,,,,
424,-20.8,-20.8,-20.8,-21.6,,,,,,,,,,,,,,,,,,
425,-20.8,-20.8,-20.8,-20.8,,,,,,,,,,,,,,,,,,
426,-28.8,-28.8,-28.8,-28,,,,,,,,,,,,,,,,,,
427,-20.8,-20.8,-20.8,-20,,,,,,,,,,,,,,,,,,
428,-24,-24,-24,-25.6,,,,,,,,,,,,,,,,,,
429,-23.2,-23.2,-23.2,-23.2,,,,,,,,,,,,,,,,,,
430,-22.4,-22.4,-22.4,-22.4,,,,,,,,,,,,,,,,,,
431,-21.6,-21.6,-21.6,-21.6,,,,,,,,,,,,,,,,,,
432,-17.6,-17.6,-17.6,-17.6,,,,,,,,,,,,,,,,,,
433,-22.4,-22.4,-22.4,-22.4,,,,,,,,,,,,,,,,,,
434,-20,-20,-20,-20.8,,,,,,,,,,,,,,,,,,
435,-22.4,-22.4,-22.4,-20.8,,,,,,,,,,,,,,,,,,
436,-16,-16,-16,-16.8,,,,,,,,,,,,,,,,,,
437,-20.8,-20.8,-20.8,-22.4,,,,,,,,,,,,,,,,,,
438,-20,-20,-20,-19.2,,,,,,,,,,,,,,,,,,
439,-31.2,-31.2,-31.2,-28.8,,,,,,,,,,,,,,,,,,
440,-20,-20,-20,-22.4,,,,,,,,,,,,,,,,,,
441,-20.8,-20.8,-20.8,-19.2,,,,,,,,,,,,,,,,,,
442,-26.4,-26.4,-26.4,-25.6,,,,,,,,,,,,,,,,,,
443,-16.8,-16.8,-16.8,-16,,,,,,,,,,,,,,,,,,
444,-24,-24,-24,-24,,,,,,,,,,,,,,,,,,
445,-19.2,-19.2,-19.2,-21.6,,,,,,,,,,,,,,,,,,
446,-16,-16,-16,-16,,,,,,,,,,,,,,,,,,
447,-20.8,-20.8,-20.8,-19.2,,,,,,,,,,,,,,,,,,
448,-20.8,-20.8,-20.8,-20.8,,,,,,,,,,,,,,,,,,
449,-16.8,-16.8,-16.8,-18.4,,,,,,,,,,,,,,,,,,
450,-23.2,-23.2,-23.2,-22.4,,,,,,,,,,,,,,,,,,
451,-17.6,-17.6,-17.6,-20,,,,,,,,,,,,,,,,,,
452,-20.8,-20.8,-20.8,-22.4,,,,,,,,,,,,,,,,,,
453,-24,-24,-24,-20.8,,,,,,,,,,,,,,,,,,
454,-17.6,-17.6,-17.6,-18.4,,,,,,,,,,,,,,,,,,
455,-21.6,-21.6,-21.6,-21.6,,,,,,,,,,,,,,,,,,
456,-26.4,-26.4,-26.4,-26.4,,,,,,,,,,,,,,,,,,
457,-24,-24,-24,-22.4,,,,,,,,,,,,,,,,,,
458,-24.8,-24.8,-24.8,-25.6,,,,,,,,,,,,,,,,,,
459,-20.8,-20.8,-20.8,-22.4,,,,,,,,,,,,,,,,,,
460,-23.2,-23.2,-23.2,-21.6,,,,,,,,,,,,,,,,,,
461,-23.2,-23.2,-23.2,-21.6,,,,,,,,,,,,,,,,,,
462,-20.8,-20.8,-20.8,-20,,,,,,,,,,,,,,,,,,
463,-24.8,-24.8,-24.8,-25.6,,,,,,,,,,,,,,,,,,
464,-21.6,-21.6,-21.6,-19.2,,,,,,,,,,,,,,,,,,
465,-25.6,-25.6,-25.6,-28.8,,,,,,,,,,,,,,,,,,
466,-21.6,-21.6,-21.6,-16.8,,,,,,,,,,,,,,,,,,
467,-16.8,-16.8,-16.8,-18.4,,,,,,,,,,,,,,,,,,
468,-16.8,-16.8,-16.8,-15.2,,,,,,,,,,,,,,,,,,
469,-15.2,-15.2,-15.2,-16,,,,,,,,,,,,,,,,,,
470,-28,-28,-28,-26.4,,,,,,,,,,,,,,,,,,
471,-18.4,-18.4,-18.4,-21.6,,,,,,,,,,,,,,,,,,
472,-26.4,-26.4,-26.4,-26.4,,,,,,,,,,,,,,,,,,
473,-16.8,-16.8,-16.8,-15.2,,,,,,,,,,,,,,,,,,
474,-21.6,-21.6,-21.6,-22.4,,,,,,,,,,,,,,,,,,
475,-20,-20,-20,-18.4,,,,,,,,,,,,,,,,,,
476,-25.6,-25.6,-25.6,-30.4,,,,,,,,,,,,,,,,,,
477,-25.6,-25.6,-25.6,-28,,,,,,,,,,,,,,,,,,
478,-32,-32,-32,-28.8,,,,,,,,,,,,,,,,,,
479,-16,-16,-16,-16.8,,,,,,,,,,,,,,,,,,
480,-22.4,-22.4,-22.4,-21.6,,,,,,,,,,,,,,,,,,
481,-20,-20,-20,-20.8,,,,,,,,,,,,,,,,,,
482,-26.4,-26.4,-26.4,-23.2,,,,,,,,,,,,,,,,,,
483,-16.8,-16.8,-16.8,-12.8,,,,,,,,,,,,,,,,,,
484,-19.2,-19.2,-19.2,-24.8,,,,,,,,,,,,,,,,,,
485,-21.6,-21.6,-21.6,-173.2,,,,,,,,,,,,,,,,,,
486,-24.8,-24.8,-24.8,-32,,,,,,,,,,,,,,,,,,
487,-23.2,-23.2,-23.2,-28,,,,,,,,,,,,,,,,,,
488,-21.6,-21.6,-21.6,-35.2,,,,,,,,,,,,,,,,,,
489,-17.6,-17.6,-17.6,-24,,,,,,,,,,,,,,,,,,
490,-24.8,-24.8,-24.8,-27.2,,,,,,,,,,,,,,,,,,
491,-26.4,-26.4,-26.4,-32,,,,,,,,,,,,,,,,,,
492,-20,-20,-20,-25.6,,,,,,,,,,,,,,,,,,
493,-22.4,-22.4,-22.4,-27.2,,,,,,,,,,,,,,,,,,
494,-21.6,-21.6,-21.6,-28.8,,,,,,,,,,,,,,,,,,
495,-23.2,-23.2,-23.2,-13.6,,,,,,,,,,,,,,,,,,
496,-21.6,-21.6,-20,-44,,,,,,,,,,,,,,,,,,
497,-17.6,-17.6,-22,-40.8,,,,,,,,,,,,,,,,,,
498,-23.2,-23.2,-33.2,-29.6,,,,,,,,,,,,,,,,,,
499,-24,-24,-113.2,-27.2,,,,,,,,,,,,,,,,,,
500,-27.2,-27.2,-62.8,-21.6,,,,,,,,,,,,,,,,,,
501,-20,-20,-34.4,-20.8,,,,,,,,,,,,,,,,,,
502,-25.6,-25.6,-36.8,-25.6,,,,,,,,,,,,,,,,,,
503,-16.8,-16.8,-12,-18.4,,,,,,,,,,,,,,,,,,
504,-20,-20,-23.2,-16,,,,,,,,,,,,,,,,,,
505,-20,-20,-40,-28.8,,,,,,,,,,,,,,,,,,
506,-20,-20,-41.6,-37.6,,,,,,,,,,,,,,,,,,
507,-26.4,-26.4,-24,-23.2,,,,,,,,,,,,,,,,,,
508,-14.4,-14.4,-34.4,-38.4,,,,,,,,,,,,,,,,,,
509,-20.8,-20.8,-19.2,-23.2,,,,,,,,,,,,,,,,,,
510,-18.4,-18.4,-16,-17.6,,,,,,,,,,,,,,,,,,
511,-27.2,-27.2,-36.4,-35.6,,,,,,,,,,,,,,,,,,
512,-18.4,-18.4,-20.8,-17.6,,,,,,,,,,,,,,,,,,
513,-16.8,-16.8,-21.6,-9.6,,,,,,,,,,,,,,,,,,
514,-22.4,-22.4,-20.8,-13.6,,,,,,,,,,,,,,,,,,
515,-20.8,-20.8,-30.8,-31.2,,,,,,,,,,,,,,,,,,
516,-18.4,-18.4,-40.8,-28.8,,,,,,,,,,,,,,,,,,
517,-22.4,-22.4,-12.8,-8,,,,,,,,,,,,,,,,,,
518,-20,-20,-10.4,-24,,,,,,,,,,,,,,,,,,
519,-18.4,-18.4,-21.6,-24,,,,,,,,,,,,,,,,,,
520,-16.8,-16.8,-39.2,-35.2,,,,,,,,,,,,,,,,,,
521,-20,-20,-31.2,-35.2,,,,,,,,,,,,,,,,,,
522,-20.8,-20.8,-23.2,-33.6,,,,,,,,,,,,,,,,,,
523,-23.2,-23.2,-27.2,-17.6,,,,,,,,,,,,,,,,,,
524,-19.2,-19.2,-28.8,-23.2,,,,,,,,,,,,,,,,,,
525,-20.8,-20.8,-4.8,-4.8,,,,,,,,,,,,,,,,,,
526,-21.6,-21.6,-37.6,-30.4,,,,,,,,,,,,,,,,,,
527,-18.4,-18.4,-13.6,-13.6,,,,,,,,,,,,,,,,,,
528,-28.8,-28.8,-28.8,-23.2,,,,,,,,,,,,,,,,,,
529,-23.2,-23.2,-31.2,-26.4,,,,,,,,,,,,,,,,,,
530,-24,-24,-40.8,-30.4,,,,,,,,,,,,,,,,,,
531,-20.8,-20.8,-21.6,-30.4,,,,,,,,,,,,,,,,,,
532,-23.2,-23.2,-20,-28,,,,,,,,,,,,,,,,,,
533,-20.8,-20.8,-19.2,-23.2,,,,,,,,,,,,,,,,,,
534,-17.6,-17.6,-18.4,-11.2,,,,,,,,,,,,,,,,,,
535,-17.6,-17.6,-21.6,-30.4,,,,,,,,,,,,,,,,,,
536,-20,-20,-16,-10.4,,,,,,,,,,,,,,,,,,
537,-21.6,-21.6,-23.2,-20.8,,,,,,,,,,,,,,,,,,
538,-16,-16,-20,-21.6,,,,,,,,,,,,,,,,,,
539,-20,-20,-16.8,-12.8,,,,,,,,,,,,,,,,,,
540,-16.8,-16.8,-19.2,-27.2,,,,,,,,,,,,,,,,,,
541,-19.2,-19.2,-16.8,-16.8,,,,,,,,,,,,,,,,,,
542,-24.8,-24.8,-19.2,-19.2,,,,,,,,,,,,,,,,,,
543,-20,-20,-21.6,-16.8,,,,,,,,,,,,,,,,,,
544,-17.6,-17.6,-18.4,-11.2,,,,,,,,,,,,,,,,,,
545,-24,-24,-21.6,-29.6,,,,,,,,,,,,,,,,,,
546,-22.4,-22.4,-24,-24.8,,,,,,,,,,,,,,,,,,
547,-18.4,-18.4,-20.8,-18.4,,,,,,,,,,,,,,,,,,
548,-31.2,-31.2,-30.4,-22.4,,,,,,,,,,,,,,,,,,
549,-22.4,-22.4,-26.4,-17.6,,,,,,,,,,,,,,,,,,
550,-25.6,-25.6,-23.2,-34.4,,,,,,,,,,,,,,,,,,
551,-17.6,-17.6,-18.4,-16,,,,,,,,,,,,,,,,,,
552,-20.8,-20.8,-20.8,-20,,,,,,,,,,,,,,,,,,
553,-18.4,-18.4,-22.4,-36,,,,,,,,,,,,,,,,,,
554,-23.2,-23.2,-17.6,-24.8,,,,,,,,,,,,,,,,,,
555,-27.2,-27.2,-26.4,-24.8,,,,,,,,,,,,,,,,,,
556,-20,-20,-21.6,-20.8,,,,,,,,,,,,,,,,,,
557,-20,-20,-19.2,-18.4,,,,,,,,,,,,,,,,,,
558,-18.4,-18.4,-16.8,-16.8,,,,,,,,,,,,,,,,,,
559,-20.8,-20.8,-23.6,-32.8,,,,,,,,,,,,,,,,,,
560,-20.8,-20.8,-26,-20,,,,,,,,,,,,,,,,,,
561,-19.2,-20,-23.2,-20,,,,,,,,,,,,,,,,,,
562,-23.2,-23.2,-20.8,-21.6,,,,,,,,,,,,,,,,,,
563,-23.2,-23.2,-26.4,-27.2,,,,,,,,,,,,,,,,,,
564,-39.6,-38.8,-23.2,-20,,,,,,,,,,,,,,,,,,
565,-21.6,-79.6,-22.4,-22.4,,,,,,,,,,,,,,,,,,
566,-50.4,-29.6,-40.8,-31.2,,,,,,,,,,,,,,,,,,
567,-39.2,-32,-17.6,-26.4,,,,,,,,,,,,,,,,,,
568,-36,-40,-22.4,-24,,,,,,,,,,,,,,,,,,
569,-28,-25.6,-25.6,-22.4,,,,,,,,,,,,,,,,,,
570,-46.4,-31.2,-47.2,-29.6,,,,,,,,,,,,,,,,,,
571,-40.8,-29.6,-38.8,-19.2,,,,,,,,,,,,,,,,,,
572,-22.4,-18.4,-24.4,-17.6,,,,,,,,,,,,,,,,,,
573,-17.6,-21.6,-19.2,-19.2,,,,,,,,,,,,,,,,,,
574,-24.8,-24.8,-26.8,-25.6,,,,,,,,,,,,,,,,,,
575,-18.4,-19.2,-20.8,-23.2,,,,,,,,,,,,,,,,,,
576,-27.2,-27.2,-26.4,-28,,,,,,,,,,,,,,,,,,
577,-17.6,-17.6,-26.8,-18.4,,,,,,,,,,,,,,,,,,
578,-20,-20.8,-16,-20.8,,,,,,,,,,,,,,,,,,
579,-27.2,-25.6,-23.2,-24.8,,,,,,,,,,,,,,,,,,
580,-24,-20.8,-21.6,-23.2,,,,,,,,,,,,,,,,,,
581,-24.8,-20,-20,-24,,,,,,,,,,,,,,,,,,
582,-20,-27.2,-36.8,-20.8,,,,,,,,,,,,,,,,,,
583,-16,-16,-14.4,-16.8,,,,,,,,,,,,,,,,,,
584,-28,-27.6,-19.2,-28,,,,,,,,,,,,,,,,,,
585,-23.2,-19.2,-26.8,-23.2,,,,,,,,,,,,,,,,,,
586,-26.4,-22.4,-12.8,-25.6,,,,,,,,,,,,,,,,,,
587,-21.6,-22.4,-16,-23.2,,,,,,,,,,,,,,,,,,
588,-18.4,-20.8,-22.4,-20.8,,,,,,,,,,,,,,,,,,
589,-23.2,-29.6,-18.4,-20,,,,,,,,,,,,,,,,,,
590,-27.2,-24,-16,-28.8,,,,,,,,,,,,,,,,,,
591,-21.6,-21.6,-16,-21.6,,,,,,,,,,,,,,,,,,
592,-16,-16,-10.4,-15.2,,,,,,,,,,,,,,,,,,
593,-20.8,-19.2,-14.4,-21.6,,,,,,,,,,,,,,,,,,
594,-16,-12.8,-13.2,-20.8,,,,,,,,,,,,,,,,,,
595,-29.6,-27.2,-5.6,-23.2,,,,,,,,,,,,,,,,,,
596,-18.4,-18.4,-20,-20.8,,,,,,,,,,,,,,,,,,
597,-24.8,-24.8,-16,-23.2,,,,,,,,,,,,,,,,,,
598,-17.6,-20,-5.6,-20.8,,,,,,,,,,,,,,,,,,
599,-22.4,-20,-4,-20,,,,,,,,,,,,,,,,,,
600,-22.4,-22.4,-10.4,-20.8,,,,,,,,,,,,,,,,,,
601,-24.8,-23.2,-8.8,-23.2,,,,,,,,,,,,,,,,,,
602,-17.6,-19.2,-8,-16.8,,,,,,,,,,,,,,,,,,
603,-12.8,-14.4,-7.2,-15.2,,,,,,,,,,,,,,,,,,
604,-17.6,-17.6,-4,-16.8,,,,,,,,,,,,,,,,,,
605,-20,-20.8,-4,-18.4,,,,,,,,,,,,,,,,,,
606,-19.2,-18.4,-4,-20.8,,,,,,,,,,,,,,,,,,
607,-22.4,-21.6,-3.2,-18.4,,,,,,,,,,,,,,,,,,
608,-20,-20,-10.4,-24,,,,,,,,,,,,,,,,,,
609,-24,-24.8,-8.8,-23.2,,,,,,,,,,,,,,,,,,
610,-28.4,-23.2,-8,-24.8,,,,,,,,,,,,,,,,,,
611,-22.4,-21.6,-7.2,-24,,,,,,,,,,,,,,,,,,
612,-24,-30,-4,-24,,,,,,,,,,,,,,,,,,
613,-19.2,-20.8,-3.2,-19.2,,,,,,,,,,,,,,,,,,
614,-25.6,-27.2,-6.4,-24.8,,,,,,,,,,,,,,,,,,
615,-28.8,-30.4,-6.4,-25.6,,,,,,,,,,,,,,,,,,
616,-23.2,-21.6,-6.4,-25.6,,,,,,,,,,,,,,,,,,
617,-18.4,-18.4,-4.8,-17.6,,,,,,,,,,,,,,,,,,
618,-20,-20,-4,-21.6,,,,,,,,,,,,,,,,,,
619,-19.2,-17.6,-2.4,-19.2,,,,,,,,,,,,,,,,,,
620,-16.8,-16,-4,-16,,,,,,,,,,,,,,,,,,
621,-14.4,-15.2,-4,-12.8,,,,,,,,,,,,,,,,,,
622,-16.8,-15.2,-6.4,-17.6,,,,,,,,,,,,,,,,,,
623,-17.6,-16,-6.4,-16,,,,,,,,,,,,,,,,,,
624,-16.8,-18.4,-4.8,-19.2,,,,,,,,,,,,,,,,,,
625,-15.2,-19.6,-4,-13.6,,,,,,,,,,,,,,,,,,
626,-24,-20,-4.8,-25.6,,,,,,,,,,,,,,,,,,
627,-24.8,-22.4,-6.4,-23.2,,,,,,,,,,,,,,,,,,
628,-16.8,-20.8,-5.6,-18.4,,,,,,,,,,,,,,,,,,
629,-25.6,-25.6,-4.8,-25.6,,,,,,,,,,,,,,,,,,
630,-16,-17.6,-4.8,-16.8,,,,,,,,,,,,,,,,,,
631,-24,-20.8,-3.2,-22.4,,,,,,,,,,,,,,,,,,
632,-16,-18.4,-5.6,-18.4,,,,,,,,,,,,,,,,,,
633,-18.4,-19.2,-4.8,-16,,,,,,,,,,,,,,,,,,
634,-25.6,-24,-7.2,-28,,,,,,,,,,,,,,,,,,
635,-20,-20,-11.2,-20,,,,,,,,,,,,,,,,,,
636,-25.6,-27.2,-18.4,-24.8,,,,,,,,,,,,,,,,,,
637,-21.6,-26.4,-12,-28,,,,,,,,,,,,,,,,,,
638,-31.2,-24,-5.6,-18.4,,,,,,,,,,,,,,,,,,
639,-19.2,-19.2,-6.4,-22.4,,,,,,,,,,,,,,,,,,
640,-30.4,-24,-6.4,-25.6,,,,,,,,,,,,,,,,,,
641,-20.8,-23.2,-4.8,-24,,,,,,,,,,,,,,,,,,
642,-20,-19.2,-8,-18.4,,,,,,,,,,,,,,,,,,
643,-15.2,-20.8,-4.8,-21.6,,,,,,,,,,,,,,,,,,
644,-18.4,-17.6,-8,-16.8,,,,,,,,,,,,,,,,,,
645,-32,-35.2,-4,-28,,,,,,,,,,,,,,,,,,
646,-20.8,-20,-7.2,-21.6,,,,,,,,,,,,,,,,,,
647,-16,-18.4,-8.8,-19.2,,,,,,,,,,,,,,,,,,
648,-21.6,-20.8,-5.6,-21.6,,,,,,,,,,,,,,,,,,
649,-17.6,-16.8,-6.4,-17.6,,,,,,,,,,,,,,,,,,
650,-30.4,-29.6,-8.8,-24,,,,,,,,,,,,,,,,,,
651,-23.2,-24,-8.8,-23.2,,,,,,,,,,,,,,,,,,
652,-20.8,-19.2,-4.8,-25.6,,,,,,,,,,,,,,,,,,
653,-24,-25.6,-8.8,-24,,,,,,,,,,,,,,,,,,
654,-23.2,-23.2,-11.2,-23.2,,,,,,,,,,,,,,,,,,
655,-23.2,-22.4,-5.6,-20.8,,,,,,,,,,,,,,,,,,
656,-29.6,-30.4,-6.4,-30.4,,,,,,,,,,,,,,,,,,
657,-24.8,-17.6,-8,-16,,,,,,,,,,,,,,,,,,
658,-25.6,-26.4,-5.6,-25.6,,,,,,,,,,,,,,,,,,
659,-18.4,-19.2,-3.2,-17.6,,,,,,,,,,,,,,,,,,
660,-32,-32,-2.4,-31.2,,,,,,,,,,,,,,,,,,
661,-20.8,-20,-8,-20.8,,,,,,,,,,,,,,,,,,
662,-21.6,-22.4,-6.4,-26.8,,,,,,,,,,,,,,,,,,
663,-24.8,-24.8,-6.4,-24.8,,,,,,,,,,,,,,,,,,
664,-20.8,-21.6,-3.2,-20,,,,,,,,,,,,,,,,,,
665,-30.4,-28,-3.2,-29.6,,,,,,,,,,,,,,,,,,
666,-22.8,-20,-9.6,-18.4,,,,,,,,,,,,,,,,,,
667,-19.2,-18.4,-5.6,-19.2,,,,,,,,,,,,,,,,,,
668,-20.8,-20.8,-5.6,-20.8,,,,,,,,,,,,,,,,,,
669,-17.6,-19.2,-4,-16,,,,,,,,,,,,,,,,,,
670,-23.2,-20.8,-5.6,-24,,,,,,,,,,,,,,,,,,
671,-16,-16,-8,-15.2,,,,,,,,,,,,,,,,,,
672,-27.2,-26.4,-8.8,-24,,,,,,,,,,,,,,,,,,
673,-27.2,-28,-5.6,-27.2,,,,,,,,,,,,,,,,,,
674,-25.6,-25.6,-4.8,-24,,,,,,,,,,,,,,,,,,
675,-28,-28.8,-8,-28.8,,,,,,,,,,,,,,,,,,
676,-19.2,-17.6,-4.8,-21.6,,,,,,,,,,,,,,,,,,
677,-26.4,-26.4,-6.4,-12.8,,,,,,,,,,,,,,,,,,
678,-26.4,-25.6,-8,-36.8,,,,,,,,,,,,,,,,,,
679,-20.8,-20.8,-6.4,-20.8,,,,,,,,,,,,,,,,,,
680,-24,-23.2,-9.6,-22.4,,,,,,,,,,,,,,,,,,
681,-20.8,-20,-6.4,-23.2,,,,,,,,,,,,,,,,,,
682,-24,-24,-9.6,-25.6,,,,,,,,,,,,,,,,,,
683,-16,-16,-7.2,-16,,,,,,,,,,,,,,,,,,
684,-24,-24.8,-3.2,-27.2,,,,,,,,,,,,,,,,,,
685,-27.2,-28,-7.2,-24.8,,,,,,,,,,,,,,,,,,
686,-22.4,-21.6,-4.8,-20.8,,,,,,,,,,,,,,,,,,
687,-20.8,-20,-8,-18.4,,,,,,,,,,,,,,,,,,
688,-17.6,-22.4,-4.8,-19.2,,,,,,,,,,,,,,,,,,
689,-19.2,-17.6,-6.4,-21.6,,,,,,,,,,,,,,,,,,
690,-20.8,-22.4,-2.4,-22.4,,,,,,,,,,,,,,,,,,
691,-29.6,-28.8,-6.4,-30.4,,,,,,,,,,,,,,,,,,
692,-18.4,-17.6,-5.6,-16,,,,,,,,,,,,,,,,,,
693,-16.8,-18.4,-9.6,-16,,,,,,,,,,,,,,,,,,
694,-22.4,-22.4,-5.6,-21.6,,,,,,,,,,,,,,,,,,
695,-19.2,-19.2,-4,-20.8,,,,,,,,,,,,,,,,,,
696,-16.8,-16.8,-7.2,-16.8,,,,,,,,,,,,,,,,,,
697,-23.2,-22.4,-2.4,-22.4,,,,,,,,,,,,,,,,,,
698,-18.4,-20.8,-4,-25.6,,,,,,,,,,,,,,,,,,
699,-18.4,-15.2,-6.4,-16.8,,,,,,,,,,,,,,,,,,
700,-25.6,-25.6,-8,-24.8,,,,,,,,,,,,,,,,,,
701,-18.4,-18.4,-2.4,-18.4,,,,,,,,,,,,,,,,,,
702,-20,-20.8,-6.4,-20.8,,,,,,,,,,,,,,,,,,
703,-24,-24,-10.4,-23.2,,,,,,,,,,,,,,,,,,
704,-12,-12,-5.6,-12,,,,,,,,,,,,,,,,,,
705,-19.2,-20,-3.2,-19.2,,,,,,,,,,,,,,,,,,
706,-25.6,-23.2,-6.4,-24,,,,,,,,,,,,,,,,,,
707,-18.4,-20,-3.2,-17.6,,,,,,,,,,,,,,,,,,
708,-22.4,-21.6,-4,-24,,,,,,,,,,,,,,,,,,
709,-24.8,-24,-2.4,-23.2,,,,,,,,,,,,,,,,,,
710,-15.2,-15.2,-5.6,-16,,,,,,,,,,,,,,,,,,
711,-27.2,-27.2,-5.6,-25.6,,,,,,,,,,,,,,,,,,
712,-20,-21.6,-5.6,-21.6,,,,,,,,,,,,,,,,,,
713,-24,-24,-3.2,-22.4,,,,,,,,,,,,,,,,,,
714,-24,-23.2,-8.8,-24.8,,,,,,,,,,,,,,,,,,
715,-24,-24,-6.4,-24,,,,,,,,,,,,,,,,,,
716,-22.4,-20.8,-7.2,-25.6,,,,,,,,,,,,,,,,,,
717,-31.2,-31.2,-6.4,-28,,,,,,,,,,,,,,,,,,
718,-19.2,-24,-7.2,-23.2,,,,,,,,,,,,,,,,,,
719,-22.4,-21.6,-6.4,-22.4,,,,,,,,,,,,,,,,,,
720,-14.4,-13.6,-4,-14.4,,,,,,,,,,,,,,,,,,
721,-22.4,-23.2,-7.2,-21.6,,,,,,,,,,,,,,,,,,
722,-18.4,-17.6,-5.6,-18.4,,,,,,,,,,,,,,,,,,
723,-25.6,-27.2,-6.4,-24,,,,,,,,,,,,,,,,,,
724,-20,-19.2,-4.8,-21.6,,,,,,,,,,,,,,,,,,
725,-20,-20,-6.4,-20,,,,,,,,,,,,,,,,,,
726,-16,-15.2,-7.2,-15.2,,,,,,,,,,,,,,,,,,
727,-23.2,-23.2,-3.2,-24,,,,,,,,,,,,,,,,,,
728,-20,-20.8,-4.8,-24,,,,,,,,,,,,,,,,,,
729,-24.8,-26.4,-4,-26.4,,,,,,,,,,,,,,,,,,
730,-18.4,-18.4,-7.2,-19.2,,,,,,,,,,,,,,,,,,
731,-20.8,-20,-6.4,-20,,,,,,,,,,,,,,,,,,
732,-16,-16.8,-8,-16.8,,,,,,,,,,,,,,,,,,
733,-21.6,-20.8,-7.2,-20.8,,,,,,,,,,,,,,,,,,
734,-24.8,-24.8,-8,-23.2,,,,,,,,,,,,,,,,,,
735,-18.4,-18.4,-6.4,-20.8,,,,,,,,,,,,,,,,,,
736,-21.6,-21.6,-4.8,-19.2,,,,,,,,,,,,,,,,,,
737,-20,-19.2,-8,-21.6,,,,,,,,,,,,,,,,,,
738,-20,-20,-7.2,-21.6,,,,,,,,,,,,,,,,,,
739,-22.4,-28,-5.6,-20.8,,,,,,,,,,,,,,,,,,
740,-20,-20,-7.2,-20.8,,,,,,,,,,,,,,,,,,
741,-24.8,-25.6,-5.6,-23.2,,,,,,,,,,,,,,,,,,
742,-22.4,-20.8,-8.8,-24.8,,,,,,,,,,,,,,,,,,
743,-24,-24.8,-5.6,-23.2,,,,,,,,,,,,,,,,,,
744,-20,-20.8,-6.4,-20,,,,,,,,,,,,,,,,,,
745,-21.6,-21.6,-5.6,-23.2,,,,,,,,,,,,,,,,,,
746,-22.4,-21.6,-6.4,-20.8,,,,,,,,,,,,,,,,,,
747,-20.8,-20.8,-3.2,-20.8,,,,,,,,,,,,,,,,,,
748,-21.6,-23.2,-4,-29.2,,,,,,,,,,,,,,,,,,
749,-24,-28.8,-6.4,-28.8,,,,,,,,,,,,,,,,,,
750,-19.2,-20,-11.2,-27.2,,,,,,,,,,,,,,,,,,
751,-23.2,-23.2,-8,-21.6,,,,,,,,,,,,,,,,,,
752,-15.2,-20.8,-5.6,-21.6,,,,,,,,,,,,,,,,,,
753,-24.8,-22.4,-4.8,-21.6,,,,,,,,,,,,,,,,,,
754,-17.6,-28.8,-6.4,-29.6,,,,,,,,,,,,,,,,,,
755,-13.6,-18.4,-9.6,-18.4,,,,,,,,,,,,,,,,,,
756,-28.8,-27.2,-4,-27.2,,,,,,,,,,,,,,,,,,
757,-24,-25.6,-2.4,-29.6,,,,,,,,,,,,,,,,,,
758,-24.8,-27.2,-4.8,-28,,,,,,,,,,,,,,,,,,
759,-24,-21.6,-4.8,-23.2,,,,,,,,,,,,,,,,,,
760,-26,-24,-4,-28.8,,,,,,,,,,,,,,,,,,
761,-29.6,-25.6,-7.2,-30.4,,,,,,,,,,,,,,,,,,
762,-24,-24,-8.8,-26.4,,,,,,,,,,,,,,,,,,
763,-17.6,-16.8,-8,-16.8,,,,,,,,,,,,,,,,,,
764,-20,-20.8,-5.6,-20.8,,,,,,,,,,,,,,,,,,
765,-24,-24,-7.2,-24,,,,,,,,,,,,,,,,,,
766,-22.4,-22.4,-4.8,-21.6,,,,,,,,,,,,,,,,,,
767,-24,-24.8,-2.4,-24.8,,,,,,,,,,,,,,,,,,
768,-23.2,-23.2,-5.6,-20.8,,,,,,,,,,,,,,,,,,
769,-16.8,-18.4,-6.4,-19.2,,,,,,,,,,,,,,,,,,
770,-27.2,-24,-8,-25.6,,,,,,,,,,,,,,,,,,
771,-22.4,-20.8,-5.6,-20,,,,,,,,,,,,,,,,,,
772,-22.4,-23.2,-7.2,-25.6,,,,,,,,,,,,,,,,,,
773,-18.4,-20,-3.2,-16.8,,,,,,,,,,,,,,,,,,
774,-23.2,-22.4,-3.2,-24,,,,,,,,,,,,,,,,,,
775,-20.8,-20,-5.6,-20.8,,,,,,,,,,,,,,,,,,
776,-20.8,-23.2,-10.4,-19.2,,,,,,,,,,,,,,,,,,
777,-23.2,-22.4,-7.2,-25.6,,,,,,,,,,,,,,,,,,
778,-18.4,-18.4,-6.4,-17.6,,,,,,,,,,,,,,,,,,
779,-20,-20,-2.4,-18.4,,,,,,,,,,,,,,,,,,
780,-20.8,-20,-5.6,-22.4,,,,,,,,,,,,,,,,,,
781,-25.6,-28,-2.4,-24.8,,,,,,,,,,,,,,,,,,
782,-27.6,-12.8,-4,-19.2,,,,,,,,,,,,,,,,,,
783,-19.2,-19.2,-5.6,-15.2,,,,,,,,,,,,,,,,,,
784,-19.2,-18.4,-5.6,-20.8,,,,,,,,,,,,,,,,,,
785,-24.8,-21.6,-3.2,-21.6,,,,,,,,,,,,,,,,,,
786,-21.6,-20.8,-5.6,-20.8,,,,,,,,,,,,,,,,,,
787,-16,-16.8,-7.2,-16,,,,,,,,,,,,,,,,,,
788,-21.6,-21.6,-3.2,-21.6,,,,,,,,,,,,,,,,,,
789,-24.8,-24.8,-4.8,-24,,,,,,,,,,,,,,,,,,
790,-27.2,-28,-6.4,-27.2,,,,,,,,,,,,,,,,,,
791,-23.2,-21.6,-7.2,-23.2,,,,,,,,,,,,,,,,,,
792,-20.8,-22.4,-6.4,-18.4,,,,,,,,,,,,,,,,,,
793,-18.4,-17.6,-7.2,-20,,,,,,,,,,,,,,,,,,
794,-20.8,-21.6,-8,-19.2,,,,,,,,,,,,,,,,,,
795,-22.4,-21.6,-4.8,-24,,,,,,,,,,,,,,,,,,
796,-20.8,-22.4,-4.8,-19.2,,,,,,,,,,,,,,,,,,
797,-23.2,-22.4,-5.6,-25.6,,,,,,,,,,,,,,,,,,
798,-20.8,-20,-5.6,-23.2,,,,,,,,,,,,,,,,,,
799,-16.8,-16.8,-8,-18.4,,,,,,,,,,,,,,,,,,
800,-22.4,-22.4,-8.8,-21.6,,,,,,,,,,,,,,,,,,
801,-24.8,-25.6,-7.2,-24.8,,,,,,,,,,,,,,,,,,
802,-18.4,-19.2,-8,-20.8,,,,,,,,,,,,,,,,,,
803,-20,-24,-4.8,-20,,,,,,,,,,,,,,,,,,
804,-20,-27.2,-5.6,-21.6,,,,,,,,,,,,,,,,,,
805,-26,-23.2,-6.4,-27.2,,,,,,,,,,,,,,,,,,
806,-16,-16,-8.8,-17.6,,,,,,,,,,,,,,,,,,
807,-20,-20.8,-5.6,-17.6,,,,,,,,,,,,,,,,,,
808,-22.4,-21.6,-2.4,-21.6,,,,,,,,,,,,,,,,,,
809,-17.6,-18.4,-6.4,-20,,,,,,,,,,,,,,,,,,
810,-22.4,-24,-5.6,-23.2,,,,,,,,,,,,,,,,,,
811,-32,-24.8,-5.6,-24,,,,,,,,,,,,,,,,,,
812,-19.2,-20,-6.4,-20.8,,,,,,,,,,,,,,,,,,
813,-20.8,-19.2,-12,-19.2,,,,,,,,,,,,,,,,,,
814,-28.8,-29.6,-4.8,-29.6,,,,,,,,,,,,,,,,,,
815,-21.6,-23.2,-6.4,-20.8,,,,,,,,,,,,,,,,,,
816,-23.2,-22.4,-3.2,-23.2,,,,,,,,,,,,,,,,,,
817,-20.8,-20,-5.6,-21.6,,,,,,,,,,,,,,,,,,
818,-21.6,-24,-6.4,-20.8,,,,,,,,,,,,,,,,,,
819,-20,-19.2,-5.6,-20,,,,,,,,,,,,,,,,,,
820,-24.8,-24.8,-4,-24.8,,,,,,,,,,,,,,,,,,
821,-19.2,-18.4,-6.4,-18.4,,,,,,,,,,,,,,,,,,
822,-24,-20.8,-4,-21.6,,,,,,,,,,,,,,,,,,
823,-29.2,-26.4,-4.8,-25.6,,,,,,,,,,,,,,,,,,
824,-21.6,-22.4,-8.8,-24.8,,,,,,,,,,,,,,,,,,
825,-21.6,-20.8,-4.8,-20.8,,,,,,,,,,,,,,,,,,
826,-19.2,-20,-5.6,-20.8,,,,,,,,,,,,,,,,,,
827,-24.8,-20.8,-6.4,-20,,,,,,,,,,,,,,,,,,
828,-19.2,-20,-6.4,-20,,,,,,,,,,,,,,,,,,
829,-20.8,-20,-7.2,-19.2,,,,,,,,,,,,,,,,,,
830,-19.2,-20.8,-3.2,-20,,,,,,,,,,,,,,,,,,
831,-16,-19.2,-7.2,-20.8,,,,,,,,,,,,,,,,,,
832,-21.6,-20.8,-8,-20,,,,,,,,,,,,,,,,,,
833,-21.6,-21.6,-4,-20.8,,,,,,,,,,,,,,,,,,
834,-24,-24,-8,-24.8,,,,,,,,,,,,,,,,,,
835,-20.8,-20.8,-6.4,-21.6,,,,,,,,,,,,,,,,,,
836,-24.8,-24.8,-5.6,-24.8,,,,,,,,,,,,,,,,,,
837,-22.4,-24.8,-5.6,-24.4,,,,,,,,,,,,,,,,,,
838,-18.4,-19.2,-7.2,-22.4,,,,,,,,,,,,,,,,,,
839,-14.4,-14.4,-6.4,-16,,,,,,,,,,,,,,,,,,
840,-27.2,-24.8,-4,-28.8,,,,,,,,,,,,,,,,,,
841,-12,-11.2,-4.8,-12.8,,,,,,,,,,,,,,,,,,
842,-20,-48,-4,-20,,,,,,,,,,,,,,,,,,
843,-28,-18,-5.6,-28,,,,,,,,,,,,,,,,,,
844,-23.2,-44.4,-7.2,-23.2,,,,,,,,,,,,,,,,,,
845,-26.4,-28,-2.4,-26.4,,,,,,,,,,,,,,,,,,
846,-22.4,-13.6,-4.8,-24,,,,,,,,,,,,,,,,,,
847,-12.8,-14.4,-4.8,-12,,,,,,,,,,,,,,,,,,
848,-28.8,-31.2,-4.8,-31.2,,,,,,,,,,,,,,,,,,
849,-24,-31.6,-4,-19.2,,,,,,,,,,,,,,,,,,
850,-24,-15.2,-8.8,-16.8,,,,,,,,,,,,,,,,,,
851,-21.6,-29.2,-5.6,-22.4,,,,,,,,,,,,,,,,,,
852,-17.6,-22.4,-6.4,-20,,,,,,,,,,,,,,,,,,
853,-30.8,-32.8,-8,-24.8,,,,,,,,,,,,,,,,,,
854,-19.2,-18.4,-6.4,-19.2,,,,,,,,,,,,,,,,,,
855,-20,-20.8,-6.4,-21.6,,,,,,,,,,,,,,,,,,
856,-32,-24,-4.8,-26.4,,,,,,,,,,,,,,,,,,
857,-21.6,-20,-18.4,-21.6,,,,,,,,,,,,,,,,,,
858,-13.6,-15.2,-7.2,-19.2,,,,,,,,,,,,,,,,,,
859,-22.4,-27.2,-14.4,-24.8,,,,,,,,,,,,,,,,,,
860,-22.4,-24,-4,-24,,,,,,,,,,,,,,,,,,
861,-19.2,-20.4,-8.8,-20.8,,,,,,,,,,,,,,,,,,
862,-19.2,-17.6,-5.6,-17.6,,,,,,,,,,,,,,,,,,
863,-26.4,-20,-8,-21.6,,,,,,,,,,,,,,,,,,
864,-19.2,-16.8,-8,-20.8,,,,,,,,,,,,,,,,,,
865,-20,-20.8,-8.8,-19.2,,,,,,,,,,,,,,,,,,
866,-23.2,-24.8,-2.4,-24.8,,,,,,,,,,,,,,,,,,
867,-24.8,-31.2,-4.8,-24.8,,,,,,,,,,,,,,,,,,
868,-21.6,-14.4,-8.8,-23.2,,,,,,,,,,,,,,,,,,
869,-20,-25.6,-8.8,-19.2,,,,,,,,,,,,,,,,,,
870,-18.4,-18.4,-5.6,-19.2,,,,,,,,,,,,,,,,,,
871,-26.4,-17.6,-6.4,-24,,,,,,,,,,,,,,,,,,
872,-24.8,-32.8,-7.2,-25.6,,,,,,,,,,,,,,,,,,
873,-19.2,-20.8,-8.8,-20,,,,,,,,,,,,,,,,,,
874,-24,-21.6,-10.4,-25.6,,,,,,,,,,,,,,,,,,
875,-11.2,-11.2,-4.8,-11.2,,,,,,,,,,,,,,,,,,
876,-29.6,-25.6,-6.4,-26.4,,,,,,,,,,,,,,,,,,
877,-32,-23.2,-3.2,-25.6,,,,,,,,,,,,,,,,,,
878,-19.2,-16,-6.4,-20,,,,,,,,,,,,,,,,,,
879,-23.2,-14.4,-4.8,-23.2,,,,,,,,,,,,,,,,,,
880,-20,-14.4,-4.8,-17.6,,,,,,,,,,,,,,,,,,
881,-20,-12,-2.4,-21.6,,,,,,,,,,,,,,,,,,
882,-20.8,-13.6,-3.2,-20,,,,,,,,,,,,,,,,,,
883,-18.4,-11.2,-3.2,-21.6,,,,,,,,,,,,,,,,,,
884,-18.4,-16.8,-3.2,-16.8,,,,,,,,,,,,,,,,,,
885,-24,-11.2,-5.6,-24.8,,,,,,,,,,,,,,,,,,
886,-24.8,-4.8,-5.6,-23.2,,,,,,,,,,,,,,,,,,
887,-16.8,-5.6,-6.4,-17.6,,,,,,,,,,,,,,,,,,
888,-15.2,-6.4,-4.8,-23.2,,,,,,,,,,,,,,,,,,
889,-24,-8.8,-6.4,-23.2,,,,,,,,,,,,,,,,,,
890,-30,-7.2,-6.4,-26.4,,,,,,,,,,,,,,,,,,
891,-20.8,-9.6,-4,-23.2,,,,,,,,,,,,,,,,,,
892,-24,-5.6,-8.8,-23.2,,,,,,,,,,,,,,,,,,
893,-21.6,-2.4,-8.8,-21.6,,,,,,,,,,,,,,,,,,
894,-26.4,-5.6,-4.8,-24,,,,,,,,,,,,,,,,,,
895,-17.6,-4.8,-2.4,-17.6,,,,,,,,,,,,,,,,,,
896,-20.8,-7.2,-5.6,-23.2,,,,,,,,,,,,,,,,,,
897,-10.4,-4,-4.8,-10.4,,,,,,,,,,,,,,,,,,
898,-20.8,-7.2,-7.2,-26.4,,,,,,,,,,,,,,,,,,
899,-22.4,-8,-4,-23.2,,,,,,,,,,,,,,,,,,
900,-19.2,-2.4,-7.2,-17.6,,,,,,,,,,,,,,,,,,
901,-24.8,-4.8,-8,-24.8,,,,,,,,,,,,,,,,,,
902,-22.4,-8.8,-2.4,-24.8,,,,,,,,,,,,,,,,,,
903,-24.8,-6.4,-4.8,-21.6,,,,,,,,,,,,,,,,,,
904,-24.8,-4.8,-8.8,-24,,,,,,,,,,,,,,,,,,
905,-30.8,-6.4,-6.4,-23.2,,,,,,,,,,,,,,,,,,
906,-24,-13.6,-5.6,-26.4,,,,,,,,,,,,,,,,,,
907,-18.4,-2.4,-6.4,-19.2,,,,,,,,,,,,,,,,,,
908,-20.8,-7.2,-6.4,-23.2,,,,,,,,,,,,,,,,,,
909,-22.4,-5.6,-2.4,-24.8,,,,,,,,,,,,,,,,,,
910,-19.2,-1.6,-7.2,-18.4,,,,,,,,,,,,,,,,,,
911,-18.4,-6.4,-5.6,-21.6,,,,,,,,,,,,,,,,,,
912,-22.4,-9.6,-1.6,-24.8,,,,,,,,,,,,,,,,,,
913,-21.6,-12,-6.4,-20,,,,,,,,,,,,,,,,,,
914,-31.2,-4.8,-9.6,-27.2,,,,,,,,,,,,,,,,,,
915,-24.8,-10.4,-12,-24,,,,,,,,,,,,,,,,,,
916,-21.6,-5.6,-6.4,-20.8,,,,,,,,,,,,,,,,,,
917,-19.2,-4.8,-8.8,-24,,,,,,,,,,,,,,,,,,
918,-17.6,-8,-5.6,-24.8,,,,,,,,,,,,,,,,,,
919,-24.8,-8.8,-4.8,-24,,,,,,,,,,,,,,,,,,
920,-14.4,-2.4,-8,-16,,,,,,,,,,,,,,,,,,
921,-19.2,-3.2,-8.8,-21.6,,,,,,,,,,,,,,,,,,
922,-22,-3.2,-3.2,-28,,,,,,,,,,,,,,,,,,
923,-22.8,-2.4,-2.4,-20.8,,,,,,,,,,,,,,,,,,
924,-17.6,-4,-3.2,-28,,,,,,,,,,,,,,,,,,
925,-12,-3.2,-3.2,-17.6,,,,,,,,,,,,,,,,,,
926,-12,-3.2,-3.2,-13.6,,,,,,,,,,,,,,,,,,
927,-20.8,-7.2,-3.2,-23.2,,,,,,,,,,,,,,,,,,
928,-20.8,-5.6,-3.2,-24.8,,,,,,,,,,,,,,,,,,
929,-28.8,-4.8,-7.2,-27.2,,,,,,,,,,,,,,,,,,
930,-23.6,-4,-5.6,-22.4,,,,,,,,,,,,,,,,,,
931,-19.2,-4.8,-4.8,-19.2,,,,,,,,,,,,,,,,,,
932,-31.6,-5.6,-4.8,-21.6,,,,,,,,,,,,,,,,,,
933,-22.4,-6.4,-4,-25.6,,,,,,,,,,,,,,,,,,
934,-28.8,-6.4,-5.6,-29.6,,,,,,,,,,,,,,,,,,
935,-14.4,-8,-6.4,-16,,,,,,,,,,,,,,,,,,
936,-20.8,-8,-7.2,-22.4,,,,,,,,,,,,,,,,,,
937,-22.8,-7.2,-8,-26.4,,,,,,,,,,,,,,,,,,
938,-38.8,-7.2,-7.2,-30.4,,,,,,,,,,,,,,,,,,
939,-21.6,-5.6,-8,-22.4,,,,,,,,,,,,,,,,,,
940,-16.8,-5.6,-6.4,-27.2,,,,,,,,,,,,,,,,,,
941,-18.8,-2.4,-5.6,-20.8,,,,,,,,,,,,,,,,,,
942,-24.8,-6.4,-5.6,-20,,,,,,,,,,,,,,,,,,
943,-28,-4.8,-2.4,-25.6,,,,,,,,,,,,,,,,,,
944,-24.8,-8.8,-7.2,-20,,,,,,,,,,,,,,,,,,
945,-18.4,-4.8,-4.8,-21.6,,,,,,,,,,,,,,,,,,
946,-42,-8.8,-8,-28,,,,,,,,,,,,,,,,,,
947,-29.6,-8.8,-4.8,-17.6,,,,,,,,,,,,,,,,,,
948,-20,-6.4,-9.6,-20,,,,,,,,,,,,,,,,,,
949,-20,-5.6,-8,-20,,,,,,,,,,,,,,,,,,
950,-20,-3.2,-7.2,-24.8,,,,,,,,,,,,,,,,,,
951,-26.4,-6.4,-4.8,-19.2,,,,,,,,,,,,,,,,,,
952,-15.2,-4.8,-3.2,-16,,,,,,,,,,,,,,,,,,
953,-22.4,-1.6,-6.4,-24.8,,,,,,,,,,,,,,,,,,
954,-16.8,-8.8,-4.8,-23.2,,,,,,,,,,,,,,,,,,
955,-22.4,-4.8,-1.6,-24.8,,,,,,,,,,,,,,,,,,
956,-28.4,-7.2,-8.8,-16.8,,,,,,,,,,,,,,,,,,
957,-20,-5.6,-4.8,-25.6,,,,,,,,,,,,,,,,,,
958,-23.2,-7.2,-7.2,-23.2,,,,,,,,,,,,,,,,,,
959,-16.8,-8,-5.6,-20.8,,,,,,,,,,,,,,,,,,
960,-28,-3.2,-8,-27.2,,,,,,,,,,,,,,,,,,
961,-22.4,-7.2,-7.2,-20,,,,,,,,,,,,,,,,,,
962,-23.6,-5.6,-3.2,-22.4,,,,,,,,,,,,,,,,,,
963,-17.6,-8.8,-7.2,-21.6,,,,,,,,,,,,,,,,,,
964,-19.6,-7.2,-5.6,-19.2,,,,,,,,,,,,,,,,,,
965,-33.2,-7.2,-5.6,-20,,,,,,,,,,,,,,,,,,
966,-20,-6.4,-7.2,-21.6,,,,,,,,,,,,,,,,,,
967,-26.4,-8,-7.2,-18.4,,,,,,,,,,,,,,,,,,
968,-23.2,-5.6,-7.2,-25.6,,,,,,,,,,,,,,,,,,
969,-22.4,-4.8,-8,-20,,,,,,,,,,,,,,,,,,
970,-31.6,-10.4,-5.6,-28.8,,,,,,,,,,,,,,,,,,
971,-22.4,-4,-4,-23.2,,,,,,,,,,,,,,,,,,
972,-20,-6.4,-10.4,-20,,,,,,,,,,,,,,,,,,
973,-20,-3.2,-4,-20.8,,,,,,,,,,,,,,,,,,
974,-21.6,-6.4,-6.4,-16,,,,,,,,,,,,,,,,,,
975,-20.8,-3.2,-3.2,-20,,,,,,,,,,,,,,,,,,
976,-24.8,-10.4,-10.4,-29.6,,,,,,,,,,,,,,,,,,
977,-36.4,-9.6,-10.4,-23.2,,,,,,,,,,,,,,,,,,
978,-21.6,-5.6,-10.4,-19.2,,,,,,,,,,,,,,,,,,
979,-20,-4.8,-8.8,-20.8,,,,,,,,,,,,,,,,,,
980,-23.2,-6.4,-5.6,-24,,,,,,,,,,,,,,,,,,
981,-22.4,-6.4,-5.6,-18.4,,,,,,,,,,,,,,,,,,
982,-24.8,-6.4,-5.6,-24.8,,,,,,,,,,,,,,,,,,
983,-28.8,-9.6,-7.2,-28.8,,,,,,,,,,,,,,,,,,
984,-24,-9.6,-6.4,-26.4,,,,,,,,,,,,,,,,,,
985,-25.6,-6.4,-8.8,-24,,,,,,,,,,,,,,,,,,
986,-20,-4.8,-9.6,-20.8,,,,,,,,,,,,,,,,,,
987,-18.4,-6.4,-7.2,-16.8,,,,,,,,,,,,,,,,,,
988,-28,-8.8,-4,-26.4,,,,,,,,,,,,,,,,,,
989,-19.2,-4.8,-6.4,-20.8,,,,,,,,,,,,,,,,,,
990,-20.8,-4.8,-8.8,-20.8,,,,,,,,,,,,,,,,,,
991,-28,-8,-4.8,-26.4,,,,,,,,,,,,,,,,,,
992,-17.6,-7.2,-5.6,-20,,,,,,,,,,,,,,,,,,
993,-28.8,-7.2,-8,-28,,,,,,,,,,,,,,,,,,
994,-26.4,-4.8,-6.4,-28,,,,,,,,,,,,,,,,,,
995,-28,-8.8,-7.2,-19.2,,,,,,,,,,,,,,,,,,
996,-21.2,-4.8,-4.8,-23.2,,,,,,,,,,,,,,,,,,
997,-28,-4.8,-8.8,-24.8,,,,,,,,,,,,,,,,,,
998,-20,-8,-4.8,-20.8,,,,,,,,,,,,,,,,,,
999,-22.4,-4,-6.4,-20.8,,,,,,,,,,,,,,,,,,
1000,-19.2,-6.4,-6.4,-18.4,,,,,,,,,,,,,,,,,,
1001,-17.6,-6.4,-4,-16.8,,,,,,,,,,,,,,,,,,
1002,-21.6,-6.4,-6.4,-21.6,,,,,,,,,,,,,,,,,,
1003,-20.8,-3.2,-6.4,-20.8,,,,,,,,,,,,,,,,,,
1004,-23.2,-8,-7.2,-18.4,,,,,,,,,,,,,,,,,,
1005,-24.8,-5.6,-2.4,-27.2,,,,,,,,,,,,,,,,,,
1006,-22.4,-4.8,-9.6,-22.4,,,,,,,,,,,,,,,,,,
1007,-18.4,-2.4,-4,-19.2,,,,,,,,,,,,,,,,,,
1008,-19.2,-8,-4.8,-16.8,,,,,,,,,,,,,,,,,,
1009,-20.8,-10.4,-3.2,-22.4,,,,,,,,,,,,,,,,,,
1010,-20,-8,-7.2,-22.4,,,,,,,,,,,,,,,,,,
1011,-25.6,-4,-11.2,-20.8,,,,,,,,,,,,,,,,,,
1012,-17.6,-6.4,-7.2,-24.8,,,,,,,,,,,,,,,,,,
1013,-21.6,-3.2,-4,-19.2,,,,,,,,,,,,,,,,,,
1014,-24.8,-4,-7.2,-25.6,,,,,,,,,,,,,,,,,,
1015,-20,-4.8,-2.4,-20,,,,,,,,,,,,,,,,,,
1016,-21.6,-4.8,-4,-20,,,,,,,,,,,,,,,,,,
1017,-20.8,-5.6,-4.8,-21.6,,,,,,,,,,,,,,,,,,
1018,-20.8,-7.2,-4.8,-24.8,,,,,,,,,,,,,,,,,,
1019,-27.2,-8,-7.2,-26.4,,,,,,,,,,,,,,,,,,
1020,-22.4,-6.4,-5.6,-22.4,,,,,,,,,,,,,,,,,,
1021,-17.6,-8.8,-8,-18.4,,,,,,,,,,,,,,,,,,
1022,-19.2,-3.2,-6.4,-20,,,,,,,,,,,,,,,,,,
1023,-28,-4,-8.8,-28.8,,,,,,,,,,,,,,,,,,
1024,-19.2,-6.4,-4,-17.6,,,,,,,,,,,,,,,,,,
1025,-18.4,-5.6,-3.2,-18.4,,,,,,,,,,,,,,,,,,
1026,-17.6,-3.2,-7.2,-17.6,,,,,,,,,,,,,,,,,,
1027,-21.6,-5.6,-4.8,-22.4,,,,,,,,,,,,,,,,,,
1028,-12,-8.8,-3.2,-16.8,,,,,,,,,,,,,,,,,,
1029,-20.8,-7.2,-6.4,-21.6,,,,,,,,,,,,,,,,,,
1030,-26.4,-5.6,-8.8,-25.6,,,,,,,,,,,,,,,,,,
1031,-28.8,-7.2,-6.4,-28.8,,,,,,,,,,,,,,,,,,
1032,-29.6,-8,-5.6,-27.2,,,,,,,,,,,,,,,,,,
1033,-16.8,-6.4,-7.2,-21.6,,,,,,,,,,,,,,,,,,
1034,-21.6,-7.2,-8,-30.4,,,,,,,,,,,,,,,,,,
1035,-17.6,-6.4,-6.4,-16.8,,,,,,,,,,,,,,,,,,
1036,-20,-8,-8,-18.4,,,,,,,,,,,,,,,,,,
1037,-18.4,-5.6,-5.6,-15.2,,,,,,,,,,,,,,,,,,
1038,-25.6,-4,-8,-28.8,,,,,,,,,,,,,,,,,,
1039,-24,-7.2,-5.6,-23.2,,,,,,,,,,,,,,,,,,
1040,-23.2,-4.8,-4.8,-24.8,,,,,,,,,,,,,,,,,,
1041,-21.6,-4,-6.4,-20.8,,,,,,,,,,,,,,,,,,
1042,-20.8,-5.6,-4.8,-23.2,,,,,,,,,,,,,,,,,,
1043,-16.8,-0.8,-4,-18.4,,,,,,,,,,,,,,,,,,
1044,-20,-4.8,-5.6,-26.4,,,,,,,,,,,,,,,,,,
1045,-16,-5.6,-0.8,-20,,,,,,,,,,,,,,,,,,
1046,-29.6,-8.8,-5.6,-22.4,,,,,,,,,,,,,,,,,,
1047,-24.8,-5.6,-4.8,-22.4,,,,,,,,,,,,,,,,,,
1048,-21.6,-6.4,-8.8,-18.4,,,,,,,,,,,,,,,,,,
1049,-13.6,-6.4,-5.6,-16,,,,,,,,,,,,,,,,,,
1050,-23.2,-6.4,-6.4,-22.4,,,,,,,,,,,,,,,,,,
1051,-14.4,-2.4,-6.4,-20,,,,,,,,,,,,,,,,,,
1052,-18.4,-4,-6.4,-24.8,,,,,,,,,,,,,,,,,,
1053,-22.4,-3.2,-4,-24,,,,,,,,,,,,,,,,,,
1054,-21.6,-0.8,-2.4,-16.8,,,,,,,,,,,,,,,,,,
1055,-22.4,-2.4,-3.2,-23.2,,,,,,,,,,,,,,,,,,
1056,-25.2,-4.8,-0.8,-19.2,,,,,,,,,,,,,,,,,,
1057,-27.2,-5.6,-2.4,-29.6,,,,,,,,,,,,,,,,,,
1058,-28,-8,-5.6,-23.2,,,,,,,,,,,,,,,,,,
1059,-19.2,-1.6,-4.8,-23.2,,,,,,,,,,,,,,,,,,
1060,-20,-1.6,-8,-24.8,,,,,,,,,,,,,,,,,,
1061,-27.2,-5.6,-1.6,-24.8,,,,,,,,,,,,,,,,,,
1062,-20,-9.6,-1.6,-22.4,,,,,,,,,,,,,,,,,,
1063,-24.8,-6.4,-5.6,-24,,,,,,,,,,,,,,,,,,
1064,-27.2,-4.8,-10.4,-23.2,,,,,,,,,,,,,,,,,,
1065,-21.6,-4.8,-5.6,-26.4,,,,,,,,,,,,,,,,,,
1066,-21.6,-8,-4.8,-18.4,,,,,,,,,,,,,,,,,,
1067,-19.2,-8,-6.4,-20,,,,,,,,,,,,,,,,,,
1068,-22.4,-3.2,-7.2,-25.6,,,,,,,,,,,,,,,,,,
1069,-24,-8,-7.2,-26.4,,,,,,,,,,,,,,,,,,
1070,-24,-8.8,-3.2,-20,,,,,,,,,,,,,,,,,,
1071,-23.2,-3.2,-8,-20,,,,,,,,,,,,,,,,,,
1072,-19.2,-3.2,-8.8,-20,,,,,,,,,,,,,,,,,,
1073,-20.8,-7.2,-4,-21.6,,,,,,,,,,,,,,,,,,
1074,-20,-4,-3.2,-23.2,,,,,,,,,,,,,,,,,,
1075,-24.4,-8.8,-6.4,-19.2,,,,,,,,,,,,,,,,,,
1076,-27.6,-1.6,-4,-24.8,,,,,,,,,,,,,,,,,,
1077,-18.4,-8.8,-8.8,-17.6,,,,,,,,,,,,,,,,,,
1078,-27.2,-7.2,-1.6,-20,,,,,,,,,,,,,,,,,,
1079,-22.4,-8.8,-8.8,-23.2,,,,,,,,,,,,,,,,,,
1080,-20,-8,-8,-20.8,,,,,,,,,,,,,,,,,,
1081,-22.4,-4,-8,-22.4,,,,,,,,,,,,,,,,,,
1082,-20.8,-7.2,-8,-23.2,,,,,,,,,,,,,,,,,,
1083,-25.6,-5.6,-5.6,-23.2,,,,,,,,,,,,,,,,,,
1084,-20,-4,-5.6,-19.2,,,,,,,,,,,,,,,,,,
1085,-26.4,-7.2,-5.6,-24.8,,,,,,,,,,,,,,,,,,
1086,-22.4,-8,-4,-20,,,,,,,,,,,,,,,,,,
1087,-19.2,-4.8,-7.2,-19.2,,,,,,,,,,,,,,,,,,
1088,-27.2,-7.2,-8,-27.2,,,,,,,,,,,,,,,,,,
1089,-29.6,-7.2,-4.8,-32.8,,,,,,,,,,,,,,,,,,
1090,-24,-10.4,-8,-20.8,,,,,,,,,,,,,,,,,,
1091,-16,-7.2,-6.4,-18.4,,,,,,,,,,,,,,,,,,
1092,-20.8,-8,-11.2,-21.6,,,,,,,,,,,,,,,,,,
1093,-26.4,-1.6,-6.4,-24,,,,,,,,,,,,,,,,,,
1094,-20.8,-7.2,-8,-20.8,,,,,,,,,,,,,,,,,,
1095,-20.8,-5.6,-1.6,-24.8,,,,,,,,,,,,,,,,,,
1096,-18.4,-10.4,-7.2,-14.4,,,,,,,,,,,,,,,,,,
1097,-24.8,-3.2,-5.6,-20.8,,,,,,,,,,,,,,,,,,
1098,-23.2,-8,-11.2,-21.6,,,,,,,,,,,,,,,,,,
1099,-18.4,-7.2,-3.2,-20.8,,,,,,,,,,,,,,,,,,
1100,-24,-7.2,-7.2,-21.6,,,,,,,,,,,,,,,,,,
1101,-18.4,-5.6,-7.2,-20.8,,,,,,,,,,,,,,,,,,
1102,-20,-8.8,-7.2,-19.2,,,,,,,,,,,,,,,,,,
1103,-21.6,-9.6,-6.4,-22.4,,,,,,,,,,,,,,,,,,
1104,-24,-8,-8,-23.2,,,,,,,,,,,,,,,,,,
1105,-23.2,-4.8,-9.6,-23.2,,,,,,,,,,,,,,,,,,
1106,-13.6,-4,-8,-16,,,,,,,,,,,,,,,,,,
1107,-16.8,-2.4,-4.8,-16,,,,,,,,,,,,,,,,,,
1108,-19.2,-4,-4,-23.2,,,,,,,,,,,,,,,,,,
1109,-28.8,-5.6,-3.2,-25.6,,,,,,,,,,,,,,,,,,
1110,-22.4,-6.4,-4,-23.2,,,,,,,,,,,,,,,,,,
1111,-18.4,-8,-4.8,-18.4,,,,,,,,,,,,,,,,,,
1112,-24,-3.2,-7.2,-24,,,,,,,,,,,,,,,,,,
1113,-19.2,-4.8,-7.2,-21.6,,,,,,,,,,,,,,,,,,
1114,-24.8,-7.2,-4,-27.2,,,,,,,,,,,,,,,,,,
1115,-20.8,-5.6,-4,-18.4,,,,,,,,,,,,,,,,,,
1116,-23.2,-6.4,-8,-21.6,,,,,,,,,,,,,,,,,,
1117,-23.2,-4,-4.8,-24,,,,,,,,,,,,,,,,,,
1118,-19.2,-5.6,-6.4,-20.8,,,,,,,,,,,,,,,,,,
1119,-22.4,-4,-4,-20,,,,,,,,,,,,,,,,,,
1120,-24,-8,-5.6,-25.6,,,,,,,,,,,,,,,,,,
1121,-24,-8.8,-4,-20.8,,,,,,,,,,,,,,,,,,
1122,-18.4,-5.6,-8.8,-20,,,,,,,,,,,,,,,,,,
1123,-16.8,-8.8,-8,-16.8,,,,,,,,,,,,,,,,,,
1124,-20,-4.8,-5.6,-24.8,,,,,,,,,,,,,,,,,,
1125,-21.6,-1.6,-8.8,-24.8,,,,,,,,,,,,,,,,,,
1126,-21.6,-8.8,-4.8,-18.4,,,,,,,,,,,,,,,,,,
1127,-18.4,-4,-1.6,-16.8,,,,,,,,,,,,,,,,,,
1128,-16,-6.4,-8.8,-17.6,,,,,,,,,,,,,,,,,,
1129,-24.8,-4,-4,-20.8,,,,,,,,,,,,,,,,,,
1130,-18.4,-8,-6.4,-20,,,,,,,,,,,,,,,,,,
1131,-26.4,-6.4,-4,-25.6,,,,,,,,,,,,,,,,,,
1132,-27.2,-11.2,-8.8,-26.4,,,,,,,,,,,,,,,,,,
1133,-19.2,-6.4,-6.4,-21.6,,,,,,,,,,,,,,,,,,
1134,-24,-7.2,-10.4,-22.4,,,,,,,,,,,,,,,,,,
1135,-20.8,-8,-6.4,-21.6,,,,,,,,,,,,,,,,,,
1136,-20,-4,-7.2,-20,,,,,,,,,,,,,,,,,,
1137,-20,-6.4,-8,-18.4,,,,,,,,,,,,,,,,,,
1138,-22.4,-12.8,-5.6,-20.8,,,,,,,,,,,,,,,,,,
1139,-18.4,-9.6,-5.6,-20.8,,,,,,,,,,,,,,,,,,
1140,-17.6,-4.8,-8.8,-20,,,,,,,,,,,,,,,,,,
1141,-24,-8,-1.6,-23.2,,,,,,,,,,,,,,,,,,
1142,-21.6,-6.4,-4.8,-22.4,,,,,,,,,,,,,,,,,,
1143,-16,-5.6,-8,-16.8,,,,,,,,,,,,,,,,,,
1144,-21.6,-4,-7.2,-22.4,,,,,,,,,,,,,,,,,,
1145,-19.2,-5.6,-4.8,-19.2,,,,,,,,,,,,,,,,,,
1146,-21.6,-3.2,-4,-23.2,,,,,,,,,,,,,,,,,,
1147,-28,-7.2,-5.6,-30.4,,,,,,,,,,,,,,,,,,
1148,-27.2,-8,-3.2,-24.8,,,,,,,,,,,,,,,,,,
1149,-24.8,-11.2,-8,-24.8,,,,,,,,,,,,,,,,,,
1150,-16.8,-10.4,-7.2,-17.6,,,,,,,,,,,,,,,,,,
1151,-20,-1.6,-12,-20.8,,,,,,,,,,,,,,,,,,
1152,-19.2,-6.4,-9.6,-20,,,,,,,,,,,,,,,,,,
1153,-24.8,-6.4,-1.6,-23.2,,,,,,,,,,,,,,,,,,
1154,-16,-9.6,-6.4,-17.6,,,,,,,,,,,,,,,,,,
1155,-28.8,-7.2,-6.4,-28,,,,,,,,,,,,,,,,,,
1156,-20.8,-8.8,-9.6,-20,,,,,,,,,,,,,,,,,,
1157,-26.4,-2.4,-7.2,-28.8,,,,,,,,,,,,,,,,,,
1158,-26.4,-8,-8.8,-24.8,,,,,,,,,,,,,,,,,,
1159,-28,-7.2,-3.2,-27.2,,,,,,,,,,,,,,,,,,
1160,-22.4,-9.6,-7.2,-21.6,,,,,,,,,,,,,,,,,,
1161,-19.2,-5.6,-7.2,-19.2,,,,,,,,,,,,,,,,,,
1162,-23.2,-2.4,-10.4,-25.6,,,,,,,,,,,,,,,,,,
1163,-21.6,-8,-4.8,-18.4,,,,,,,,,,,,,,,,,,
1164,-19.2,-3.2,-2.4,-20.8,,,,,,,,,,,,,,,,,,
1165,-24.8,-7.2,-8.8,-23.2,,,,,,,,,,,,,,,,,,
1166,-18.4,-6.4,-3.2,-20.8,,,,,,,,,,,,,,,,,,
1167,-24,-8,-7.2,-22.4,,,,,,,,,,,,,,,,,,
1168,-20.8,-5.6,-5.6,-20,,,,,,,,,,,,,,,,,,
1169,-20.8,-6.4,-8,-24,,,,,,,,,,,,,,,,,,
1170,-20,-5.6,-6.4,-18.4,,,,,,,,,,,,,,,,,,
1171,-25.6,-3.2,-5.6,-27.2,,,,,,,,,,,,,,,,,,
1172,-23.2,-6.4,-6.4,-25.6,,,,,,,,,,,,,,,,,,
1173,-24.8,-7.2,-2.4,-19.2,,,,,,,,,,,,,,,,,,
1174,-20,-7.2,-7.2,-23.2,,,,,,,,,,,,,,,,,,
1175,-19.2,-4,-6.4,-19.2,,,,,,,,,,,,,,,,,,
1176,-19.2,-4.8,-7.2,-20,,,,,,,,,,,,,,,,,,
1177,-24.8,-2.4,-4,-21.6,,,,,,,,,,,,,,,,,,
1178,-25.6,-5.6,-4.8,-24,,,,,,,,,,,,,,,,,,
1179,-22.4,-8,-2.4,-20.8,,,,,,,,,,,,,,,,,,
1180,-16.8,-5.6,-6.4,-18.4,,,,,,,,,,,,,,,,,,
1181,-22.4,-4.8,-7.2,-23.2,,,,,,,,,,,,,,,,,,
1182,-23.2,-8.8,-5.6,-22.4,,,,,,,,,,,,,,,,,,
1183,-24,-4.8,-4.8,-22.4,,,,,,,,,,,,,,,,,,
1184,-27.2,-5.6,-9.6,-29.6,,,,,,,,,,,,,,,,,,
1185,-21.6,-4,-4,-22.4,,,,,,,,,,,,,,,,,,
1186,-19.2,-8,-5.6,-20,,,,,,,,,,,,,,,,,,
1187,-23.2,-7.2,-6.4,-21.6,,,,,,,,,,,,,,,,,,
1188,-17.6,-5.6,-7.2,-19.2,,,,,,,,,,,,,,,,,,
1189,-22.4,-4,-8,-22.4,,,,,,,,,,,,,,,,,,
1190,-20,-10.4,-4.8,-20.8,,,,,,,,,,,,,,,,,,
1191,-21.6,-6.4,-4,-21.6,,,,,,,,,,,,,,,,,,
1192,-20.8,-4,-6.4,-21.6,,,,,,,,,,,,,,,,,,
1193,-21.6,-9.6,-6.4,-20,,,,,,,,,,,,,,,,,,
1194,-21.6,-8,-4,-20.8,,,,,,,,,,,,,,,,,,
1195,-30.4,-6.4,-11.2,-29.6,,,,,,,,,,,,,,,,,,
1196,-22.4,-10.4,-6.4,-21.6,,,,,,,,,,,,,,,,,,
1197,-18.4,-4,-7.2,-16.8,,,,,,,,,,,,,,,,,,
1198,-16,-5.6,-9.6,-17.6,,,,,,,,,,,,,,,,,,
1199,-19.2,-10.4,-4,-18.4,,,,,,,,,,,,,,,,,,
1200,-19.2,-4,-6.4,-23.2,,,,,,,,,,,,,,,,,,
1201,-21.6,-3.2,-9.6,-25.6,,,,,,,,,,,,,,,,,,
1202,-20,-4,-4.8,-20.8,,,,,,,,,,,,,,,,,,
1203,-20.8,-5.6,-2.4,-19.2,,,,,,,,,,,,,,,,,,
1204,-19.2,-4.8,-4,-20,,,,,,,,,,,,,,,,,,
1205,-16,-4,-6.4,-16,,,,,,,,,,,,,,,,,,
1206,-21.6,-4,-4.8,-22.4,,,,,,,,,,,,,,,,,,
1207,-17.6,-5.6,-3.2,-14.4,,,,,,,,,,,,,,,,,,
1208,-20,-2.4,-4,-24,,,,,,,,,,,,,,,,,,
1209,-24.8,-8.8,-5.6,-24.8,,,,,,,,,,,,,,,,,,
1210,-24,-8,-2.4,-24,,,,,,,,,,,,,,,,,,
1211,-20.8,-4,-9.6,-20,,,,,,,,,,,,,,,,,,
1212,-24.8,-2.4,-7.2,-24.8,,,,,,,,,,,,,,,,,,
1213,-18.4,-7.2,-4,-17.6,,,,,,,,,,,,,,,,,,
1214,-23.2,-6.4,-3.2,-24,,,,,,,,,,,,,,,,,,
1215,-17.6,-7.2,-6.4,-18.4,,,,,,,,,,,,,,,,,,
1216,-20.8,-3.2,-11.2,-18.4,,,,,,,,,,,,,,,,,,
1217,-18.4,-5.6,-5.6,-20.8,,,,,,,,,,,,,,,,,,
1218,-25.6,-4,-3.2,-24.8,,,,,,,,,,,,,,,,,,
1219,-23.2,-6.4,-5.6,-21.6,,,,,,,,,,,,,,,,,,
1220,-19.2,-6.4,-4,-20.8,,,,,,,,,,,,,,,,,,
1221,-17.6,-8,-6.4,-17.6,,,,,,,,,,,,,,,,,,
1222,-24.8,-4,-8,-23.2,,,,,,,,,,,,,,,,,,
1223,-24,-4.8,-6.4,-27.2,,,,,,,,,,,,,,,,,,
1224,-24,-7.2,-4,-23.2,,,,,,,,,,,,,,,,,,
1225,-24,-2.4,-4.8,-24.8,,,,,,,,,,,,,,,,,,
1226,-20.8,-5.6,-8,-18.4,,,,,,,,,,,,,,,,,,
1227,-20.8,-4,-2.4,-20,,,,,,,,,,,,,,,,,,
1228,-22.4,-6.4,-5.6,-28.8,,,,,,,,,,,,,,,,,,
1229,-20,-4,-3.2,-23.2,,,,,,,,,,,,,,,,,,
1230,-24,-6.4,-6.4,-21.6,,,,,,,,,,,,,,,,,,
1231,-20.8,-5.6,-4,-19.2,,,,,,,,,,,,,,,,,,
1232,-21.6,-4,-7.2,-20.8,,,,,,,,,,,,,,,,,,
1233,-23.2,-4.8,-4.8,-27.2,,,,,,,,,,,,,,,,,,
1234,-24,-8.8,-4,-20,,,,,,,,,,,,,,,,,,
1235,-19.2,-4,-4.8,-20.8,,,,,,,,,,,,,,,,,,
1236,-20,-4.8,-10.4,-20.8,,,,,,,,,,,,,,,,,,
1237,-22.4,-4.8,-3.2,-22.4,,,,,,,,,,,,,,,,,,
1238,-19.2,-4.8,-4,-17.6,,,,,,,,,,,,,,,,,,
1239,-20,-4.8,-4.8,-22.4,,,,,,,,,,,,,,,,,,
1240,-18.4,-4.8,-5.6,-17.6,,,,,,,,,,,,,,,,,,
1241,-21.6,-4.8,-4,-22.4,,,,,,,,,,,,,,,,,,
1242,-20.8,-4.8,-4.8,-20,,,,,,,,,,,,,,,,,,
1243,-20.8,-8.8,-8,-19.2,,,,,,,,,,,,,,,,,,
1244,-26.4,-6.4,-4.8,-24,,,,,,,,,,,,,,,,,,
1245,-25.6,-8,-9.6,-24.8,,,,,,,,,,,,,,,,,,
1246,-26.4,-5.6,-5.6,-28,,,,,,,,,,,,,,,,,,
1247,-29.6,-7.2,-6.4,-27.2,,,,,,,,,,,,,,,,,,
1248,-21.6,-8,-7.2,-24,,,,,,,,,,,,,,,,,,
1249,-19.2,-7.2,-7.2,-19.2,,,,,,,,,,,,,,,,,,
1250,-22.4,-2.4,-8,-20,,,,,,,,,,,,,,,,,,
1251,-19.2,-7.2,-7.2,-21.6,,,,,,,,,,,,,,,,,,
1252,-23.2,-4.8,-2.4,-22.4,,,,,,,,,,,,,,,,,,
1253,-27.2,-4.8,-7.2,-26.4,,,,,,,,,,,,,,,,,,
1254,-19.2,-3.2,-4.8,-19.2,,,,,,,,,,,,,,,,,,
1255,-22.4,-5.6,-4.8,-23.2,,,,,,,,,,,,,,,,,,
1256,-24.8,-5.6,-3.2,-24,,,,,,,,,,,,,,,,,,
1257,-24.8,-6.4,-5.6,-24.8,,,,,,,,,,,,,,,,,,
1258,-20,-4,-5.6,-20,,,,,,,,,,,,,,,,,,
1259,-21.6,-4,-6.4,-21.6,,,,,,,,,,,,,,,,,,
1260,-16.8,-6.4,-4,-16.8,,,,,,,,,,,,,,,,,,
1261,-24.8,-5.6,-4,-24.8,,,,,,,,,,,,,,,,,,
1262,-20.8,-6.4,-6.4,-20.8,,,,,,,,,,,,,,,,,,
1263,-19.2,-7.2,-5.6,-16,,,,,,,,,,,,,,,,,,
1264,-19.2,-7.2,-6.4,-21.6,,,,,,,,,,,,,,,,,,
1265,-20,-4,-7.2,-20,,,,,,,,,,,,,,,,,,
1266,-23.2,-4.8,-7.2,-22.4,,,,,,,,,,,,,,,,,,
1267,-21.6,-7.2,-4,-25.6,,,,,,,,,,,,,,,,,,
1268,-26.4,-6.4,-4.8,-24,,,,,,,,,,,,,,,,,,
1269,-23.2,-5.6,-7.2,-22.4,,,,,,,,,,,,,,,,,,
1270,-24,-5.6,-6.4,-25.6,,,,,,,,,,,,,,,,,,
1271,-24,-6.4,-5.6,-25.6,,,,,,,,,,,,,,,,,,
1272,-24.8,-8,-5.6,-23.2,,,,,,,,,,,,,,,,,,
1273,-24.8,-4,-6.4,-24,,,,,,,,,,,,,,,,,,
1274,-22.4,-5.6,-8,-22.4,,,,,,,,,,,,,,,,,,
1275,-20.8,-5.6,-4,-17.6,,,,,,,,,,,,,,,,,,
1276,-16,-5.6,-5.6,-18.4,,,,,,,,,,,,,,,,,,
1277,-16,-4,-5.6,-18.4,,,,,,,,,,,,,,,,,,
1278,-26.4,-8.8,-5.6,-27.2,,,,,,,,,,,,,,,,,,
1279,-21.6,-6.4,-4,-22.4,,,,,,,,,,,,,,,,,,
1280,-25.6,-10.4,-8.8,-20.8,,,,,,,,,,,,,,,,,,
1281,-23.2,-12.8,-6.4,-28,,,,,,,,,,,,,,,,,,
1282,-28,-3.2,-10.4,-22.4,,,,,,,,,,,,,,,,,,
1283,-21.6,-4.8,-12.8,-21.6,,,,,,,,,,,,,,,,,,
1284,-19.2,-8,-3.2,-20.8,,,,,,,,,,,,,,,,,,
1285,-21.6,-8.8,-4.8,-22.4,,,,,,,,,,,,,,,,,,
1286,-24,-4.8,-8,-26.4,,,,,,,,,,,,,,,,,,
1287,-28,-4.8,-8.8,-25.6,,,,,,,,,,,,,,,,,,
1288,-21.6,-11.2,-4.8,-20.8,,,,,,,,,,,,,,,,,,
1289,-16.8,-8.8,-4.8,-16.8,,,,,,,,,,,,,,,,,,
1290,-22.4,-3.2,-11.2,-21.6,,,,,,,,,,,,,,,,,,
1291,-16,0,-4.8,-20.8,,,,,,,,,,,,,,,,,,
1292,-24,-2.4,-3.2,-24,,,,,,,,,,,,,,,,,,
1293,-23.2,-6.4,0,-22.4,,,,,,,,,,,,,,,,,,
1294,-20,-8,-2.4,-16.8,,,,,,,,,,,,,,,,,,
1295,-21.6,-3.2,-6.4,-22.4,,,,,,,,,,,,,,,,,,
1296,-20,-7.2,-8,-20.8,,,,,,,,,,,,,,,,,,
1297,-24.8,-4.8,-3.2,-28,,,,,,,,,,,,,,,,,,
1298,-25.6,-7.2,-7.2,-22.4,,,,,,,,,,,,,,,,,,
1299,-24.8,-8.8,-4.8,-24.8,,,,,,,,,,,,,,,,,,
1300,-24.8,-4,-7.2,-24,,,,,,,,,,,,,,,,,,
1301,-18.4,-3.2,-8.8,-16.8,,,,,,,,,,,,,,,,,,
1302,-19.2,-4,-4,-23.2,,,,,,,,,,,,,,,,,,
1303,-25.6,-1.6,-3.2,-24.8,,,,,,,,,,,,,,,,,,
1304,-19.2,-6.4,-4,-19.2,,,,,,,,,,,,,,,,,,
1305,-18.4,-6.4,-1.6,-15.2,,,,,,,,,,,,,,,,,,
1306,-16.8,-4,-6.4,-20,,,,,,,,,,,,,,,,,,
1307,-16.8,-1.6,-6.4,-15.2,,,,,,,,,,,,,,,,,,
1308,-27.2,-5.6,-4,-31.2,,,,,,,,,,,,,,,,,,
1309,-23.2,-8,-1.6,-19.2,,,,,,,,,,,,,,,,,,
1310,-20.8,-6.4,-5.6,-21.6,,,,,,,,,,,,,,,,,,
1311,-25.6,-6.4,-8,-24.8,,,,,,,,,,,,,,,,,,
1312,-20,-5.6,-6.4,-20.8,,,,,,,,,,,,,,,,,,
1313,-23.2,-1.6,-6.4,-22.4,,,,,,,,,,,,,,,,,,
1314,-22.4,-7.2,-5.6,-24.8,,,,,,,,,,,,,,,,,,
1315,-20,-5.6,-1.6,-17.6,,,,,,,,,,,,,,,,,,
1316,-16,-5.6,-7.2,-18.4,,,,,,,,,,,,,,,,,,
1317,-23.2,-3.2,-5.6,-23.2,,,,,,,,,,,,,,,,,,
1318,-22.4,-6.4,-5.6,-21.6,,,,,,,,,,,,,,,,,,
1319,-20,-4.8,-3.2,-20,,,,,,,,,,,,,,,,,,
1320,-19.2,-7.2,-6.4,-17.6,,,,,,,,,,,,,,,,,,
1321,-24,-5.6,-4.8,-23.2,,,,,,,,,,,,,,,,,,
1322,-15.2,-7.2,-7.2,-18.4,,,,,,,,,,,,,,,,,,
1323,-28,-1.6,-5.6,-27.2,,,,,,,,,,,,,,,,,,
1324,-23.2,-4.8,-7.2,-23.2,,,,,,,,,,,,,,,,,,
1325,-18.4,-6.4,-1.6,-18.4,,,,,,,,,,,,,,,,,,
1326,-12.8,-9.6,-4.8,-12.8,,,,,,,,,,,,,,,,,,
1327,-24,-3.2,-6.4,-20.8,,,,,,,,,,,,,,,,,,
1328,-20,-5.6,-9.6,-21.6,,,,,,,,,,,,,,,,,,
1329,-20,-3.2,-3.2,-20,,,,,,,,,,,,,,,,,,
1330,-23.2,-2.4,-5.6,-25.6,,,,,,,,,,,,,,,,,,
1331,-24.8,-5.6,-3.2,-24,,,,,,,,,,,,,,,,,,
1332,-22.4,-5.6,-2.4,-20.8,,,,,,,,,,,,,,,,,,
1333,-19.2,-7.2,-5.6,-19.2,,,,,,,,,,,,,,,,,,
1334,-21.6,-7.2,-5.6,-24,,,,,,,,,,,,,,,,,,
1335,-24,-6.4,-7.2,-23.2,,,,,,,,,,,,,,,,,,
1336,-21.6,-4.8,-7.2,-19.2,,,,,,,,,,,,,,,,,,
1337,-17.6,-8.8,-6.4,-19.2,,,,,,,,,,,,,,,,,,
1338,-26.4,-4,-4.8,-22.4,,,,,,,,,,,,,,,,,,
1339,-20.8,-9.6,-8.8,-21.6,,,,,,,,,,,,,,,,,,
1340,-19.2,-4,-4,-20,,,,,,,,,,,,,,,,,,
1341,-27.2,-4.8,-9.6,-26.4,,,,,,,,,,,,,,,,,,
1342,-20.8,-6.4,-4,-20,,,,,,,,,,,,,,,,,,
1343,-21.6,-4,-4.8,-24,,,,,,,,,,,,,,,,,,
1344,-22.4,-6.4,-6.4,-21.6,,,,,,,,,,,,,,,,,,
1345,-27.2,-8.8,-4,-25.6,,,,,,,,,,,,,,,,,,
1346,-20.8,-12,-6.4,-23.2,,,,,,,,,,,,,,,,,,
1347,-20,-4,-8.8,-18.4,,,,,,,,,,,,,,,,,,
1348,-17.6,-6.4,-8.8,-20.8,,,,,,,,,,,,,,,,,,
1349,-16,-6.4,-4,-13.6,,,,,,,,,,,,,,,,,,
1350,-16,-4,-6.4,-18.4,,,,,,,,,,,,,,,,,,
1351,-18.4,-8.8,-6.4,-20,,,,,,,,,,,,,,,,,,
1352,-17.6,-4.8,-4,-15.2,,,,,,,,,,,,,,,,,,
1353,-27.2,-4.8,-8.8,-28,,,,,,,,,,,,,,,,,,
1354,-22.4,-3.2,-4.8,-20,,,,,,,,,,,,,,,,,,
1355,-19.2,-4.8,-4.8,-23.2,,,,,,,,,,,,,,,,,,
1356,-22.4,-8,-3.2,-18.4,,,,,,,,,,,,,,,,,,
1357,-22.4,-7.2,-4.8,-21.6,,,,,,,,,,,,,,,,,,
1358,-21.6,-6.4,-8,-24.8,,,,,,,,,,,,,,,,,,
1359,-26.4,-5.6,-7.2,-24.8,,,,,,,,,,,,,,,,,,
1360,-18.4,-10.4,-6.4,-17.6,,,,,,,,,,,,,,,,,,
1361,-20.8,-8.8,-5.6,-20.8,,,,,,,,,,,,,,,,,,
1362,-16.8,-4,-15.2,-17.6,,,,,,,,,,,,,,,,,,
1363,-24.8,-7.2,-4,-20,,,,,,,,,,,,,,,,,,
1364,-28,-7.2,-4,-28.8,,,,,,,,,,,,,,,,,,
1365,-21.6,-3.2,-7.2,-20,,,,,,,,,,,,,,,,,,
1366,-26.4,-10.4,-7.2,-29.6,,,,,,,,,,,,,,,,,,
1367,-20,-5.6,-3.2,-19.2,,,,,,,,,,,,,,,,,,
1368,-20.8,-8.8,-10.4,-20.8,,,,,,,,,,,,,,,,,,
1369,-23.2,-4.8,-5.6,-20.8,,,,,,,,,,,,,,,,,,
1370,-24.8,-8.8,-8.8,-28,,,,,,,,,,,,,,,,,,
1371,-24,-6.4,-4.8,-21.6,,,,,,,,,,,,,,,,,,
1372,-24,-4.8,-8.8,-25.6,,,,,,,,,,,,,,,,,,
1373,-28,-7.2,-6.4,-26.4,,,,,,,,,,,,,,,,,,
1374,-16.8,-6.4,-4.8,-20,,,,,,,,,,,,,,,,,,
1375,-20,-4,-7.2,-18.4,,,,,,,,,,,,,,,,,,
1376,-23.2,-8,-6.4,-22.4,,,,,,,,,,,,,,,,,,
1377,-23.2,-7.2,-4,-23.2,,,,,,,,,,,,,,,,,,
1378,-16.8,-4.8,-8,-16.8,,,,,,,,,,,,,,,,,,
1379,-19.2,-4.8,-7.2,-20,,,,,,,,,,,,,,,,,,
1380,-20.8,-6.4,-4.8,-20.8,,,,,,,,,,,,,,,,,,
1381,-22.4,-7.2,-4.8,-22.4,,,,,,,,,,,,,,,,,,
1382,-23.2,-4,-6.4,-20,,,,,,,,,,,,,,,,,,
1383,-16,-4.8,-7.2,-19.2,,,,,,,,,,,,,,,,,,
1384,-23.2,-11.2,-4,-24,,,,,,,,,,,,,,,,,,
1385,-26.4,-10.4,-4.8,-24,,,,,,,,,,,,,,,,,,
1386,-17.6,-7.2,-11.2,-18.4,,,,,,,,,,,,,,,,,,
1387,-25.6,-6.4,-10.4,-26.4,,,,,,,,,,,,,,,,,,
1388,-17.6,-6.4,-7.2,-17.6,,,,,,,,,,,,,,,,,,
1389,-20,-11.2,-6.4,-18.4,,,,,,,,,,,,,,,,,,
1390,-16.8,-9.6,-6.4,-16.8,,,,,,,,,,,,,,,,,,
1391,-18.4,-4,-11.2,-18.4,,,,,,,,,,,,,,,,,,
1392,-18.4,-4.8,-9.6,-19.2,,,,,,,,,,,,,,,,,,
1393,-20.8,-6.4,-4,-21.6,,,,,,,,,,,,,,,,,,
1394,-24.8,-5.6,-4.8,-28,,,,,,,,,,,,,,,,,,
1395,-21.6,-4,-6.4,-16.8,,,,,,,,,,,,,,,,,,
1396,-24.8,-0.8,-5.6,-25.6,,,,,,,,,,,,,,,,,,
1397,-20,-6.4,-4,-20,,,,,,,,,,,,,,,,,,
1398,-24,-7.2,-0.8,-24,,,,,,,,,,,,,,,,,,
1399,-24,-10.4,-6.4,-23.2,,,,,,,,,,,,,,,,,,
1400,-21.6,-4.8,-7.2,-24.8,,,,,,,,,,,,,,,,,,
1401,-26.4,-5.6,-10.4,-24.8,,,,,,,,,,,,,,,,,,
1402,-24,-11.2,-4.8,-24.8,,,,,,,,,,,,,,,,,,
1403,-25.2,-8.8,-5.6,-22.4,,,,,,,,,,,,,,,,,,
1404,-21.6,-4,-11.2,-20,,,,,,,,,,,,,,,,,,
1405,-20.8,-3.2,-8.8,-19.2,,,,,,,,,,,,,,,,,,
1406,-14.4,-6.4,-4,-17.6,,,,,,,,,,,,,,,,,,
1407,-31.2,-6.4,-3.2,-32,,,,,,,,,,,,,,,,,,
1408,-24,-6.4,-6.4,-22.4,,,,,,,,,,,,,,,,,,
1409,-28,-6.4,-6.4,-28,,,,,,,,,,,,,,,,,,
1410,-19.2,-5.6,-6.4,-17.6,,,,,,,,,,,,,,,,,,
1411,-20.8,-4,-6.4,-19.2,,,,,,,,,,,,,,,,,,
1412,-18.4,-9.6,-4,-19.2,,,,,,,,,,,,,,,,,,
1413,-20.8,-7.2,-7.2,-25.6,,,,,,,,,,,,,,,,,,
1414,-25.6,-6.4,-8,-22.4,,,,,,,,,,,,,,,,,,
1415,-22.4,-8.8,-6.4,-21.6,,,,,,,,,,,,,,,,,,
1416,-21.6,-8.8,-5.6,-21.6,,,,,,,,,,,,,,,,,,
1417,-21.6,-7.2,-9.6,-24,,,,,,,,,,,,,,,,,,
1418,-21.6,-6.4,-9.6,-20,,,,,,,,,,,,,,,,,,
1419,-22.4,-5.6,-5.6,-21.6,,,,,,,,,,,,,,,,,,
1420,-18.4,-4.8,-6.4,-19.2,,,,,,,,,,,,,,,,,,
1421,-27.2,-4.8,-5.6,-28.8,,,,,,,,,,,,,,,,,,
1422,-23.2,-10.4,-4.8,-24,,,,,,,,,,,,,,,,,,
1423,-26.4,-3.2,-5.6,-24,,,,,,,,,,,,,,,,,,
1424,-20,-6.4,-9.6,-23.2,,,,,,,,,,,,,,,,,,
1425,-26.4,-4,-3.2,-23.2,,,,,,,,,,,,,,,,,,
1426,-20,-4.8,-6.4,-23.2,,,,,,,,,,,,,,,,,,
1427,-23.2,-7.2,-4.8,-20.8,,,,,,,,,,,,,,,,,,
1428,-24,-7.2,-4,-23.2,,,,,,,,,,,,,,,,,,
1429,-20.8,-10.4,-7.2,-20.8,,,,,,,,,,,,,,,,,,
1430,-30.4,-5.6,-8.8,-32.8,,,,,,,,,,,,,,,,,,
1431,-28.8,-4,-8.8,-25.6,,,,,,,,,,,,,,,,,,
1432,-18.4,-4.8,-5.6,-17.6,,,,,,,,,,,,,,,,,,
1433,-20.8,-7.2,-4,-21.6,,,,,,,,,,,,,,,,,,
1434,-23.2,-2.4,-4.8,-25.6,,,,,,,,,,,,,,,,,,
1435,-20.8,-4,-7.2,-17.6,,,,,,,,,,,,,,,,,,
1436,-20,-8.8,-2.4,-21.6,,,,,,,,,,,,,,,,,,
1437,-23.2,-4,-4,-21.6,,,,,,,,,,,,,,,,,,
1438,-20,-4.8,-9.6,-23.2,,,,,,,,,,,,,,,,,,
1439,-22.4,-8,-3.2,-20.8,,,,,,,,,,,,,,,,,,
1440,-17.6,-4.8,-5.6,-19.2,,,,,,,,,,,,,,,,,,
1441,-26.4,-6.4,-7.2,-27.2,,,,,,,,,,,,,,,,,,
1442,-27.2,-7.2,-4.8,-26.4,,,,,,,,,,,,,,,,,,
1443,-26.4,-11.2,-7.2,-24.8,,,,,,,,,,,,,,,,,,
1444,-21.6,-8.8,-6.4,-23.2,,,,,,,,,,,,,,,,,,
1445,-27.2,-9.6,-11.2,-27.2,,,,,,,,,,,,,,,,,,
1446,-22.4,-4.8,-8.8,-21.6,,,,,,,,,,,,,,,,,,
1447,-20.8,-8,-9.6,-21.6,,,,,,,,,,,,,,,,,,
1448,-20.8,-5.6,-4.8,-20.8,,,,,,,,,,,,,,,,,,
1449,-18.4,-7.2,-8,-19.2,,,,,,,,,,,,,,,,,,
1450,-21.6,-6.4,-5.6,-19.2,,,,,,,,,,,,,,,,,,
1451,-24,-7.2,-8,-26.4,,,,,,,,,,,,,,,,,,
1452,-22.4,-4,-6.4,-21.6,,,,,,,,,,,,,,,,,,
1453,-24.8,-4.8,-7.2,-24.8,,,,,,,,,,,,,,,,,,
1454,-20.8,-8.8,-3.2,-23.2,,,,,,,,,,,,,,,,,,
1455,-27.2,-4.8,-5.6,-24,,,,,,,,,,,,,,,,,,
1456,-21.6,-8,-8,-21.6,,,,,,,,,,,,,,,,,,
1457,-23.2,-6.4,-5.6,-24.8,,,,,,,,,,,,,,,,,,
1458,-23.2,-9.6,-8,-20,,,,,,,,,,,,,,,,,,
1459,-17.6,-6.4,-7.2,-20,,,,,,,,,,,,,,,,,,
1460,-21.6,-6.4,-8.8,-20,,,,,,,,,,,,,,,,,,
1461,-16.8,-3.2,-6.4,-19.2,,,,,,,,,,,,,,,,,,
1462,-20.8,-6.4,-5.6,-21.6,,,,,,,,,,,,,,,,,,
1463,-28,-4.8,-3.2,-25.6,,,,,,,,,,,,,,,,,,
1464,-19.2,-4,-6.4,-19.2,,,,,,,,,,,,,,,,,,
1465,-21.6,-4.8,-5.6,-22.4,,,,,,,,,,,,,,,,,,
1466,-20,-3.2,-3.2,-20,,,,,,,,,,,,,,,,,,
1467,-24,-6.4,-5.6,-25.6,,,,,,,,,,,,,,,,,,
1468,-19.2,-4,-3.2,-16.8,,,,,,,,,,,,,,,,,,
1469,-14.4,-6.4,-6.4,-18.4,,,,,,,,,,,,,,,,,,
1470,-26.4,-4,-4,-24,,,,,,,,,,,,,,,,,,
1471,-17.6,-4.8,-5.6,-19.2,,,,,,,,,,,,,,,,,,
1472,-23.2,-10.4,-4.8,-21.6,,,,,,,,,,,,,,,,,,
1473,-19.2,-4.8,-4.8,-18.4,,,,,,,,,,,,,,,,,,
1474,-20.8,-8,-9.6,-21.6,,,,,,,,,,,,,,,,,,
1475,-22.4,-2.4,-5.6,-20.8,,,,,,,,,,,,,,,,,,
1476,-21.6,-6.4,-7.2,-24,,,,,,,,,,,,,,,,,,
1477,-24,-4.8,-3.2,-24,,,,,,,,,,,,,,,,,,
1478,-24,-4,-5.6,-20.8,,,,,,,,,,,,,,,,,,
1479,-21.6,-8,-4.8,-25.6,,,,,,,,,,,,,,,,,,
1480,-26.4,-4,-4.8,-24.8,,,,,,,,,,,,,,,,,,
1481,-22.4,-12,-7.2,-21.6,,,,,,,,,,,,,,,,,,
1482,-20.8,-4,-5.6,-21.6,,,,,,,,,,,,,,,,,,
1483,-24.8,-6.4,-10.4,-25.6,,,,,,,,,,,,,,,,,,
1484,-24,-3.2,-5.6,-21.6,,,,,,,,,,,,,,,,,,
1485,-16.8,-5.6,-5.6,-16.8,,,,,,,,,,,,,,,,,,
1486,-19.2,-8,-3.2,-20.8,,,,,,,,,,,,,,,,,,
1487,-20,-4.8,-7.2,-22.4,,,,,,,,,,,,,,,,,,
1488,-24.8,-6.4,-5.6,-25.6,,,,,,,,,,,,,,,,,,
1489,-24,-6.4,-4.8,-21.6,,,,,,,,,,,,,,,,,,
1490,-28,-4,-7.2,-25.6,,,,,,,,,,,,,,,,,,
1491,-23.2,-8.8,-5.6,-23.2,,,,,,,,,,,,,,,,,,
1492,-16.8,-3.2,-5.6,-19.2,,,,,,,,,,,,,,,,,,
1493,-24,-8,-7.2,-23.2,,,,,,,,,,,,,,,,,,
1494,-24,-6.4,-3.2,-22.4,,,,,,,,,,,,,,,,,,
1495,-19.2,-6.4,-8.8,-20.8,,,,,,,,,,,,,,,,,,
1496,-17.6,-9.6,-7.2,-17.6,,,,,,,,,,,,,,,,,,
1497,-19.2,-4,-4.8,-17.6,,,,,,,,,,,,,,,,,,
1498,-21.6,-5.6,-10.4,-22.4,,,,,,,,,,,,,,,,,,
1499,-20,-4,-3.2,-18.4,,,,,,,,,,,,,,,,,,
1500,-24,-4,-5.6,-24,,,,,,,,,,,,,,,,,,
